"profile-review__header","profile-review__data-item","profile-review__data-item 2","data--item","data--item 2","sg-rating__number","profile-review__rating-metrics 2","profile-review__rating-metrics 4","profile-review__rating-metrics 6","profile-review__rating-metrics 8","profile-review__quote","profile-review__date","reviewer_position","reviewer_card--name","profile-review__reviewer-verification-badge-title","reviewer_list__details-title","reviewer_list__details-title 2","reviewer_list__details-title 3","reviewer_list__details-title 4","profile-review__summary","profile-review__feedback","profile-review__extra-type","profile-review__text","profile-review__text 2","profile-review__text 3","profile-review__text 4","profile-review__text 5","profile-review__text 6","profile-review__text 7","profile-review__text 8","profile-review__text 9","profile-review__text 10","profile-review__text 11","profile-review__text 12","profile-review__text 14","profile-review__text 15","profile-review__text 16","profile-review__text 17","profile-review__text 18","profile-review__text 19","profile-review__text 20","profile-review__text 21","profile-review__text 22","profile-review__text 23","profile-review__text 24","profile-review__text 25","profile-review__text 26","profile-review__text 27","sg-rating__number 2","profile-review__text 32","profile-review__text 33","profile-review__text 34","profile-review__text 35","profile-review__extra-quote","profile-review__extra-detailed-metrics-quote","profile-review__extra-detailed-metrics-quote 2","profile-review__extra-detailed-metrics-quote 3","profile-review__extra-detailed-metrics-quote 4","profile-review__text 36","profile-review__text 37","profile-review__text 38","profile-review__text 41"
"Branding, Marketing Strategy & Print Design for University","Branding","Marketing Strategy","$10,000 to $49,999","Jan. 2024 - Ongoing","5.0","5.0","4.5","3.5","5.0","""They did an excellent job incorporating feedback and managing revisions based on the feedback provided.""","Feb 26, 2025","Department Assistant, Fort Hays State University","Anonymous","Verified","Education","Hays, Kansas","1,001-5,000 Employees","Online Review","Big Leap provides branding services for a university. The team has advised on marketing strategies, created a brand book, and designed brochures, Microsoft PowerPoint presentations, and Canva templates.","Big Leap's work has received positive feedback. The team is responsive and receptive to feedback, communicates smoothly, and showcases excellent project management skills. Their efficiency, talent, professionalism, and ability to connect remotely have impressed the client.","The client submitted this review online.","Please describe your company and position.","I am a Department Assistant of Fort Hays State University","Describe what your company does in a single sentence.","Public higher education institution serving Western Kansas","What specific goals or objectives did you hire Big Leap to accomplish?","Advise on all internal and external marketing strategies and digital content to help us launch a large new initiatives building a Professional & Continuing Education unit.","Develop strong brand standards, iconography and vision/mission statements","Prepare a Vision and Strategy brochure to use to generate interest in and buy-in for our new initiative","How did you find Big Leap?","Referral","Why did you select Big Leap over others?","High ratings","How many teammates from Big Leap were assigned to this project?","2-5 Employees","Describe the scope of work in detail. Please include a summary of key deliverables.","Big Leap helped us cradle-to-grave development of brand standards, including designing iconography, ppt and Canva templates and letterheads, a brand book with significant work on helping us frame our services and vision/mission.  Additionally they helped prepare a 15 page digital ""vision e-book"" for internal buy-in and explanations of what we are developing...how and why.","What were the measurable outcomes from the project that demonstrate progress or success?","Subjective experience of the team on our side about what message was appropriate for our channels as well as feedback from people outside our team.  Our work is ongoing, and we are at the beginning of launching a new unit, such traditional metrics like clicks, revenue, impressions, etc., have not yet been explored.","Describe their project management. Did they deliver items on time? How did they respond to your needs?","Excellent project management and communication. Carolyn's responsiveness, in particular, is off the charts. Jaime and Carolyn helped choose the right people to do the work and maintained steady communication to move the projects forward, using shred documents and meetings as necessary. They did an excellent job incorporating feedback and managing revisions based on the feedback provided.","What was your primary form of communication with Big Leap?","Virtual Meeting","What did you find most impressive or unique about this company?","Ability to connect in a fully remote environment. Efficiency, talent, professionalism.","Are there any areas for improvement or something Big Leap could have done differently?","Move a little quicker and act as if I'm they're only client and they work for me full-time (KIDDING!), although if I'm being honest that's actually what I want....but I don't really expect it. :-)","5.0","","","","","","","","","","","","",""
"SEO & Web Redesign for Retail Company","Search Engine Optimization","Web Design","Confidential","June 2023 - Ongoing","5.0","5.0","5.0","5.0","5.0","""They strive for strong ROI for their clients.""","Dec 5, 2024","CMO, Bricks & Minifigs","Chad Stewart","Verified","Retail","Provo, Utah","201-500 Employees","Online Review","Big Leap provides SEO and web design services for a retail company. They've conducted a technical SEO audit and redesigned the client's website. The goal is to improve search visibility and keyword rankings.","With Big Leap's help, the client has seen a 478.5% improvement in organic sessions, a 74% increase in keywords, and a 30.6% rise in the number of keywords within the top three positions. The team patiently guides the business through the process, going out of their way to provide quality solutions.","The client submitted this review online.","Please describe your company and position.","I am the CMO of Bricks & Minifigs","Describe what your company does in a single sentence.","Bringing joy and creativity to the world through LEGO® minifigures, complete sets, endless bricks, and more!","What specific goals or objectives did you hire Big Leap to accomplish?","Drive organic traffic and local search for non branded search phrases for individual brick and mortar stores across the United States and Canada","Improve visibility for franchise recruitment","High ratings","How did you find Big Leap?","Referral","Why did you select Big Leap over others?","Close to my geographic location","How many teammates from Big Leap were assigned to this project?","2-5 Employees","Describe the scope of work in detail. Please include a summary of key deliverables.","We engaged with Big Leap for overall, sitewide technical SEO, website redesign consulting and organic keyword ranking improvement for both the interests of the franchisor (Bricks & Minifigs) but as our prefered solution for our rapidly growing franchise network that has seen growth from 30 to 200 stores as of this post.","What were the measurable outcomes from the project that demonstrate progress or success?","● 478.5% increase in organic sessions (YTD)● 423.2% increase in engaged sessions (YTD)Key Pages Impacted● Franchise Opportunities Page (+177.7%)● Store Locator Page (+ 111.7%)● Homepage (+ 165.4%)● 74% increase in keywords● 30.6% increase in the numberof keywords in the top 3positions","Describe their project management. Did they deliver items on time? How did they respond to your needs?","Big Leap has a well designed support infrastructure, from Directors, Managers and Team members for strategy, support and ongoing execution. SEO takes time and consistency, and Big Leap goes above and beyond to establish realistic delivarables according to carefully thought out time lines.","What was your primary form of communication with Big Leap?","","What did you find most impressive or unique about this company?","","Are there any areas for improvement or something Big Leap could have done differently?","Email or Messaging App","5.0","In-Person Meeting","Virtual Meeting","Big Leap has solid leadership that prides itself on a competent, ethical approach. They strive for strong ROI for their clients and have a powerful background in multi-location brick and mortar businesses, which fits in powerfully with our  Bricks & Minifigs quickly growing footprint. I've used Big Leap with previous companies and their track record has been consistently positive.","Whenever you work with a franchise, you have a number of different franshisee personalities and communication styles. Reporting and monthly reports were items we asked for improvement on. We've seen over time this improve greatly.","""Ethical, focused, professional and current on organic trends. Big Leap is worth adding to any RFP when it comes to SEO""","""Our Year of Year performance speaks for itself.""","""Both on website development and projects, we've kept up with goals and deadlines""","""SEO is a powerful cash cow over the lifetime of the investment. The key is finding the right partner. Big Leap is a leader in this space.""","""Not only would I recommend Big Leap, I've used them at a number of brands. I continue to recommend them to my inner circle of Marketing Pros.","","","",""
"SEO, Blogs & Content Strategy for Leasing Solutions Firm","Content Marketing","Search Engine Optimization","Confidential","Jan. 2020 - Ongoing","5.0","5.0","5.0","5.0","5.0","""Big Leap takes a long-term approach and builds SEO strategies in a sustainable way.""","Nov 28, 2024","CMO, Leasing Solutions Company","Jordan Barker","Verified","Financial services","West Valley City, Utah","201-500 Employees","Online Review","Big Leap provides ongoing SEO services for a leasing solutions firm. The team has helped the client transition to a new site, built blog posts for key industries, and created a content strategy for the client.","Thanks to Big Leap's efforts, the client has seen a consistent increase in organic traffic yearly, with a 100% increase from 2022 to 2023. The team has also improved the keyword rankings for the client's top 25 keywords. Overall, the team has provided sustainable SEO solutions that produce results.","The client submitted this review online.","Please describe your company and position.","I am the CMO of a leasing solutions company.","Describe what your company does in a single sentence.","We provide affordable leasing solutions for equipment sellers and equipment buyers","What specific goals or objectives did you hire Big Leap to accomplish?","Increase organic traffic","Increase awareness of our brand","Rank for industry specific keywords","How did you find Big Leap?","Referral","Why did you select Big Leap over others?","High ratings","How many teammates from Big Leap were assigned to this project?","2-5 Employees","Describe the scope of work in detail. Please include a summary of key deliverables.","We've been working with Big Leap for the past 4 years, and we hired them to help us increase our organic traffic, and to help us rank for industry-specific keywords that we specialize/focus on.  They are also helping us transition over to our new site and have been very helpful in making sure everything goes smoothly.","What were the measurable outcomes from the project that demonstrate progress or success?","Big Leap helped us do an overhaul of our site to make sure all of our onsite optimizations are, well..optimized.  Additionally they have provided ongoing SEO efforts that have helped us increase our rankings and organic traffic consistently year-over-year.","Describe their project management. Did they deliver items on time? How did they respond to your needs?","We've seen consistent organic traffic increase YoY--2022 to 2023 was our largest increase of over 100% YoY.","What was your primary form of communication with Big Leap?","","What did you find most impressive or unique about this company?","They provide a very detailed monthly report that outlines progress against our goals, and then they provide a summary of what's next, what they are noticing, etc.","Are there any areas for improvement or something Big Leap could have done differently?","","5.0","","","We do a weekly call with their team to make sure we are seeing progress, and that we are aligned on what projects we are prioritizing and we can make those decisions together.","I can't think of a time when they were behind schedule, or failed to deliver something they had committed to.  Their team has been great to work with--and even when there are bumps in the road, they are quick to resolve the issue.  We had one project manager that was fine, but we weren't blown away by.  We brought this to their attention, and they immediately switched us to someone else and we've been with that person/team ever sense and have been very pleased.","","","","","","They've built out blog posts with us for some of our key industries, and they have helped us with our content strategy for our internal team to make sure we are aligning our efforts, with sustainable organic traffic growth.","They have also improved our keyword rankings for our top 25 keywords that we wanted to rank for.  Several of those keywords are not on the first page, and we are close on many of the other keywords as well.","They aren't focused on short term ""quick fixes"", but rather sustaintable SEO which has been refreshing.  A lot of other companies I have worked with in the past have promised things that just aren't realistic, like ranking after a specified period of time for very specific keywords.",""
"SEO for Promotional Products Co","Search Engine Optimization","","$10,000 to $49,999","Feb. 2024 - Ongoing","5.0","5.0","5.0","5.0","5.0","""Big Leap has gotten us exactly where we wanted to be and did it exactly how they said they would.""","May 14, 2024","Director of Operations, USB Memory Direct","Jordan Yeffet","Verified","Information technology","Hollywood, Florida","11-50 Employees","Online Review","Big Leap has been hired to enhance on-page and technical SEO for a promotional products company to boost organic rankings and site traffic. Their tasks include site audits, content analysis, and link building.","Big Leap has provided progress and traffic reports, showcasing improved rankings for client keywords and increased conversions. The team consistently delivers on time with an organized approach, keeping the client informed and addressing their needs with a combination of expertise and friendliness.","The client submitted this review online.","Please describe your company and position.","I am the Director of Operations of USB Memory Direct","Describe what your company does in a single sentence.","Selling Branded Promotional Products with a specialty in Custom USB Flash Drives","What specific goals or objectives did you hire Big Leap to accomplish?","Improve our Organic SEO Rankings","Improve the overall traffic we are bringing to our website","High ratings","How did you find Big Leap?","Online Search","Why did you select Big Leap over others?","Great culture fit","How many teammates from Big Leap were assigned to this project?","2-5 Employees","Describe the scope of work in detail. Please include a summary of key deliverables.","Website Audit:","Scope of work:","Content And Striking Distance:","What were the measurable outcomes from the project that demonstrate progress or success?","Linkbuilding and outreach:","Describe their project management. Did they deliver items on time? How did they respond to your needs?","","What was your primary form of communication with Big Leap?","Big Leap has many impressive qualities about them. The team we work with is super knowledgable and friendly. They always know how to joke and have a good time but also take it seriously and present us with the completed tasks in a professional manner. I find that most companies struggle with this but not Big Leap. Because of this, I truly feel more comfortable working with them which over all makes the working relationship fun and easy.","What did you find most impressive or unique about this company?","Honestly, I say this with with complete transperancy. There is absolutely nothing that I would have wanted Big Leap to do differently for what we worked on together. Big Leap has gotten us exactly where we wanted to be and did it exactly how they said they would. We have nothing to say when it comes to improvements because they did everything correctly as we had discussed before we started working with them.","5.0","Virtual Meeting","Email or Messaging App","","","","","","","","Optimize the website by improving on-page and technical SEO in order to achieve a high-ranking position through various keywords. Create a good foundation for the brand to maintain a top position amongst competitors. Key Deliverables:","One of Big Leaps strongest strengths that I personally enjoyed most of all, was the way they delivered completed/ on-going tasks. They have a very organized method of delivering projects and information to us. They were always on time with the deliverables and would even send them earlier than the due date on certain occasions. Big Leap addressed all our needs whenever they were asked and always in a timely manner. I couldn't be happier that we chose to work with them.","","We can track the measurable outcomes through Big Leaps reports that use adaptive tools to show current results. One outcome we can measure is the keyword rankings. This provides us with information about the target keywords we are targeting as discussed on the onboarding. This has shown us success in improving ranking for the majority of those keywords. Another measurable outcome that shows progress is the organic traffic report. This makes it easier to understand different metrics and how they correlate to one another. For example, even though sessions may be down, conversions are up. This tells us that our strategy to increase transactional intent is working as fewer people are coming for information and more are requesting quotes."
"SEO & Content Strategy for Financial Services Company","Search Engine Optimization","","$10,000 to $49,999","Dec. 2023 - May 2024","4.0","4.0","4.0","5.0","3.5","""Their willingness to be flexible to the changing needs of our team was impressive.""","Mar 21, 2024","Head of Content, Financial Services Company","Anonymous","Verified","Financial services","New York City, New York","1-10 Employees","Online Review","Big Leap provided SEO services for a financial services company. Their thorough work included competitor analysis, keyword research, SEO audits, content optimization, Google Analytics audit, and rank tracking.","Thanks to Big Leap's robust SEO content strategy, the client noticed technical SEO improvements and improved rankings for over 60 keywords. The team was organized, thorough, easy to work with, and flexible around the client's changing needs. Moreover, they were genuinely excited about the project.","The client submitted this review online.","Please describe your company and position.","I am the Head of Content of a financial services company","Describe what your company does in a single sentence.","Hopscotch is the all-in-one invoicing, instant cash flow, and bill pay solution for small businesses.","What specific goals or objectives did you hire Big Leap to accomplish?","Competitor content audit and identify gaps / content opportunities","Optimize on-site SEO and improve page rankings for non-brand search terms","Identify and action on link building opportunities","How did you find Big Leap?","Other","Why did you select Big Leap over others?","Pricing fit our budget","How many teammates from Big Leap were assigned to this project?","2-5 Employees","Describe the scope of work in detail. Please include a summary of key deliverables.","MONTH 1:","What were the measurable outcomes from the project that demonstrate progress or success?","Google Analytics Audit","Describe their project management. Did they deliver items on time? How did they respond to your needs?","Very organized and easy to work with, this team does thoughtful and methodical work.","What was your primary form of communication with Big Leap?","Rank Tracking/Setup","What did you find most impressive or unique about this company?","Seed Keyword Research","Are there any areas for improvement or something Big Leap could have done differently?","Site Audit Implementation","4.0","Parameters & Deadweight Audit","Guest Blog Post Prospecting","Their willingness to be flexible to the changing needs of our team was impressive, finding ways to always say yes when we had a shift in scope or wanted to adapt our deliverable targets each month. Very accommodating and genuinely excited to learn about our product, improve our content performance, etc.","Our work with them is ongoing, but no substantial critical feedback at this time.","","","","","","MONTHS 2+:","Competitive Keyword Gap Analysis","Enterprise Technical SEO",""
"SEO & Google Ads Management for CRM Consulting Company","Pay Per Click","Search Engine Optimization","Confidential","Nov. 2023 - Ongoing","5.0","5.0","5.0","5.0","4.5","""Their customer service is always personalized and authentic.""","Mar 12, 2024","Sales Enablement Analyst, WayPath","Elizabeth Sheehan","Verified","Other industries","Richmond, Virginia","11-50 Employees","Online Review","Big Leap provides SEO services for a CRM consulting company. The team provides technical analysis, keyword research, and SEO strategy. Big Leap also manage the client's Google Ads campaigns.","The client has seen an increase in organic traffic and keyword ranking since partnering with Big Leap. The client's Google Ads' impressions and click-through rates has increased too. Big Leap provides timely and detailed reporting and top-class communication via email and virtual meetings.","The client submitted this review online.","Please describe your company and position.","I am the Sales Enablement Analyst of WayPath","Describe what your company does in a single sentence.","We help organizations select and implement customized customer experience platforms, in particular CCM, CRM, and CMS.","What specific goals or objectives did you hire Big Leap to accomplish?","Increase website presence and generate leads through SEO","Generate leads through Google Ads","Great culture fit","How did you find Big Leap?","Referral","Why did you select Big Leap over others?","Good value for cost","How many teammates from Big Leap were assigned to this project?","2-5 Employees","Describe the scope of work in detail. Please include a summary of key deliverables.","Big Leap provides us with SEO work that includes technical analysis, keyword, research, and strategy, which informs a roadmap and plan of action. They also manage our Google ads, which includes setting up campaigns and tracking, auditing, and editing those campaigns. They provide advanced analytics monitoring, CRO recommendations, and report for data-driven campaign refinement.","What were the measurable outcomes from the project that demonstrate progress or success?","The keywords we are tracking, have increased, as well as organic traffic. Organic sessions, total users, new users, and average engagement time have increased as well. We are also seeing increased impressions and CTR on our Google ads.","Describe their project management. Did they deliver items on time? How did they respond to your needs?","Project management is perfection! Reporting is timely and detailed. We work with a variety of vendors and services, and Big Leap’s communication is absolutely best in class.","What was your primary form of communication with Big Leap?","","What did you find most impressive or unique about this company?","","Are there any areas for improvement or something Big Leap could have done differently?","","5.0","","","The sense of teamwork and communication is most impressive. Even though our meetings are virtual, their customer service is always personalized and authentic. They are organized, consummate professionals, approachable, and show a sincere interest in the success of our business.","It’s too soon to tell — we are excited to continue our journey!","""Carolyn and her team are amazing! They are always receptive to questions and have educated us so much about SEO and PPC.""","""The reporting is always detailed and organized. We always feel informed!""","""I can’t say enough about the communication – timely, professional, and thorough. They are always one step ahead!""","","","","","",""
"SEO Services for Plumbing, HVAC & Electrical Services Co","Search Engine Optimization","","$200,000 to $999,999","Feb. 2023 - Ongoing","5.0","5.0","5.0","4.0","5.0","""I'm continually impressed by their ability to stay on top of their work.""","Mar 8, 2024","Digital Content Manager, ARS/Rescue Rooter","Drew Blake","Verified","Consumer products & services","Memphis, Tennessee","5,001-10,000 Employees","Online Review","Big Leap provides SEO services for several brands of a plumbing, HVAC, and electrical services company. The goal is to improve SEO performance, increase leads, and consolidate the brands.","The client has seen improved keyword rankings, website traffic, and calls from Google Business Profile in every one of the brands whose SEO Big Leap manages. The team exhibits attention to detail and keeps track of all brands exceptionally well. Their outstanding project management is impressive.","The client submitted this review online.","Please describe your company and position.","I am the Digital Content Manager of ARS/Rescue Rooter","Describe what your company does in a single sentence.","Plumbing, HVAC and electrical work","What specific goals or objectives did you hire Big Leap to accomplish?","Improve SEO performance","Increase leads","Consolidate brands","How did you find Big Leap?","They were our vendor when I started, not sure how we found them","Why did you select Big Leap over others?","Great culture fit","How many teammates from Big Leap were assigned to this project?","2-5 Employees","Describe the scope of work in detail. Please include a summary of key deliverables.","Big Leap has been responsible for managing SEO strategy for many of our brands. In the brands that they've managed, we've seen improvements in keyword rankings","What were the measurable outcomes from the project that demonstrate progress or success?","","Describe their project management. Did they deliver items on time? How did they respond to your needs?","","What was your primary form of communication with Big Leap?","Their project management is probably the most impressive. Our work is very nuanced and we manage several brands with them, and they do a wonderful job of keeping track of it all. Beyond that, their SEO industry and technical knowledge is impressive as well. That was the other main distinguishing factor that separated them from other agencies we were considering.","What did you find most impressive or unique about this company?","Honestly, it's hard to ask for more from Big Leap. They've been super flexible as we've navigated major changes and strategy shifts internally. I cannot think of anything that I would change about our partnership or the way we interact","Are there any areas for improvement or something Big Leap could have done differently?","","5.0","","","","","","","","","","","","","Big Leap's project management is exceptional. They manage several brands, and they keep track in extreme detail of every bit of work they do, we do, and that needs to get done. They're attention to detail is one of the main factors that separated them from the competition when choosing agencies. I'm continually impressed by their ability to stay on top of their work, and keep us accountable with clear action items after every meeting."
"SEO for Collision Repair Company","Search Engine Optimization","","$50,000 to $199,999","Jan. 2016 - Ongoing","5.0","5.0","5.0","5.0","5.0","""We're lucky to have them.""","May 18, 2023","Business Development Director, Cascade Collision Repair","Tyson Lyons","Verified","Automotive","Lehi, Utah","201-500 Employees","Online Review","Big Leap provides SEO services for a collision repair company. The team is responsible for continuous citation and service area creation and optimizing Google My Business listings.","Thanks to Big Leap, the client has drastically improved their website ranking on search engines, increased their calls by 45%, website visitors by 17%, and map views by 22%. The service provider is highly responsive via email. The client is pleased with their consistency and excellent service.","The client submitted this review online.","Please describe your company and position.","I am the Business Development Director of Cascade Collision Repair","Describe what your company does in a single sentence.","We are a growing regional collision repair MSO (Multi Store Owner)","What specific goals or objectives did you hire Big Leap to accomplish?","SEO","Online Search","Referral","How did you find Big Leap?","","Why did you select Big Leap over others?","Great culture fit","How many teammates from Big Leap were assigned to this project?","","Describe the scope of work in detail. Please include a summary of key deliverables.","","What were the measurable outcomes from the project that demonstrate progress or success?","","What was your primary form of communication with Big Leap?","","Describe their project management. Did they deliver items on time? How did they respond to your needs?","","What did you find most impressive or unique about this company?","","Are there any areas for improvement or something Big Leap could have done differently?","","5.0","2-5 Employees","Achieve first-page rankings and build upon Local SEO efforts with continuous citation creation, service area creation, and updating GMBs. The results speak for themselves: Phone calls from all locations increased by 45.8% Map views from all locations increased by 22.1% Search views from all locations increased by 11.9% Website visits from all locations increased by 17.4% Direction requests from all locations increased by 0.6%","Matt and Ryan are amazing. Big Leap should do everything they can to keep those two around.","","","","","","","","When I joined our Company Big Leap was one of many marketing vendors being utilized. After monitoring performance of all vendors over several months Big Leap is the only one still around. They have consistently performed and continue to provide excellent service. We're lucky to have them.","","Matt and Ryan at Big Leap have been the most prepared and responsive vendors we've ever used."
"SEO Management Services for Child Protection Nonprofit","Search Engine Optimization","","$10,000 to $49,999","Jan. 2022 - Ongoing","5.0","5.0","5.0","4.5","5.0","""We're impressed by their level of professionalism and willingness to help out wherever asked.""","Nov 22, 2022","Marketing Director, Child Protection Nonprofit","Anonymous","Verified","Other industries","Lehi, Utah","51-200 Employees","Online Review","Big Leap provides SEO management services for a child protection nonprofit undergoing a rebranding project. The team has worked on helping the group transition their website from its old version to the new one.","The company has gained better rankings for their keywords as Big Leap continues to audit old and new pages. The team has been great to work with since they manage the project effectively. Their members are highly responsive and professional. They're always willing to help the client whenever needed.","The client submitted this review online.","Please describe your company and your position there.","I am the marketing director of a nonprofit. Our focus is to liberate individuals and society from the child sexual abuse and its lasting impacts.","For what projects/services did your company hire Big Leap, and what were your goals?","We have been going through a rebrand and have hired Big Leap to help assist with our SEO management to increase traffic to our new site during the rebrand.","How did you select this vendor and what were the deciding factors?","Originally Big Leap was brought on to work on SEO for our organization, but with the rebrand they have worked more on helping with the transition of our website and balancing the old and new.","","","Describe the scope of work in detail, including the project steps, key deliverables, and campaigns.","","How many people from the vendor's team worked with you, and what were their positions?","A contract that was already in place, but we have been very happy with their service on this ongoing project.","Can you share any measurable outcomes of the project or general feedback about the deliverables?","We work with 2 members of the team.","Describe their project management style, including communication tools and timeliness.","We have seen an increase on our ranking keywords over the last couple of months and continue to use Big Leap to audit old and new pages to make sure they are performing at optimal levels.","What did you find most impressive or unique about this company?","They have been great to work with and have always been quick to respond with any request that we have for them.","Are there any areas for improvement or something they could have done differently?","Their level of professionalism and willingness to help out wherever asked.","","Nothing that I can think of. We continue to brainstorm with them on new ways that can help and bring value.","","","","","5.0","","","","","","","","","","","","",""
"SEO & PPC Support for FinTech Company","Digital Strategy","Other Digital Marketing","$50,000 to $199,999","May 2022 - Ongoing","4.5","4.0","5.0","4.5","4.5","""The team has a very strong 'can-do' attitude. They are very approachable and timely.""","Nov 17, 2022","CMO, United Credit","Anonymous","Verified","Financial services","Irvine, California","51-200 Employees","Online Review","Big Leap has been hired as a fintech company's digital marketing partner and grew their web presence with SEO and PPC with Google Ads. They analyze and help retain and grow the client's online equity.","Big Leap has strengthened the client's SEO quality significantly. They've changed the client's direction with a strong can-do attitude. They're also very approachable and timely. The vendor also send detailed meeting summaries.","The client submitted this review online.","Please describe your company and your position there.","United Credit is a financial technology company that connects consumers and businesses with an array of experienced, innovative financing solutions. I'm the Chief Marketing Officer.","For what projects/services did your company hire Big Leap, and what were your goals?","In advance of rebranding the company, we hired Big Leap as our digital marketing agency partner to help us assess and grow both our web presence's SEO and PPC through Google Ads. It was important to keep our existing legacy search equity while transitioning to the new company name.","How did you select this vendor and what were the deciding factors?","We began with discovery and account onboarding in May then moved into analysis of our existing SEO/PPC in June. In August, we rebranded and then in September, Big Leap helped us transition to a new online name and website. Throughout, SEO was analyzed to help us retain and grow our online equity. PPC looked at trends in our campaigns and helped us test an increase in spend. Following a few months, we started implementing changes based on data with Big Leap's help.","","","Describe the scope of work in detail, including the project steps, key deliverables, and campaigns.","","How many people from the vendor's team worked with you, and what were their positions?","The team support structure presented by Big Leap was much deeper than what we saw from other agencies we interviewed.","Can you share any measurable outcomes of the project or general feedback about the deliverables?","Throughout our engagement with Big Leap, we've had an Account Manager. We've also had 1 SEO specialist and 1 PPC specialist. Recently the team expanded to include more PPC support.","Describe their project management style, including communication tools and timeliness.","Since our work with Big Leap, the quality of our website content has been strengthened due to their SEO input. We've also had their SEO support on content edits for EAT (Expertise/Authority/Trust). Our search ranking has remained strong, even through the rebranding. We increased our PPC spend in order to generate more business, but when we noticed diminishing returns, Big Leap helped us change direction quickly.","What did you find most impressive or unique about this company?","The team is great at communicating, sharing data, and meeting deadlines. Posted Google reports show us both focus and progress in SEO and PPC. Our account manager always sends an agenda in advance of a meeting with links to reference documentation. They also send a detailed meeting summary with more documentation after each call.","Are there any areas for improvement or something they could have done differently?","The team has a very strong 'can-do' attitude. They are very approachable and timely.","","There was turnover in multiple roles on the agency team, which didn't appear to hugely impact the work, but there's always efficiency lost in transitions.","","","","","4.5","","","","","","","","","","","","",""
"SEO & SMM Services for Medical Company","Search Engine Optimization","Social Media Marketing","Confidential","Mar. 2021 - Ongoing","5.0","4.5","4.5","5.0","4.5","“Big Leap is 100% on the same page; they learn as much as they can about our company.”","Oct 5, 2022","Marketing Coordinator, Medical Company","Anonymous","Verified","Other industries","Austin, Texas","11-50 Employees","Phone Interview","Big Leap has provided SMM and SEO services for a medical company. They’ve worked on keyword research and done website audits. They currently write email campaigns and blogs to post on the website.","Thanks to Big Leap’s efforts, the client has seen significant growth in their business; the metrics look strong and are continuously improving. Moreover, the team has excelled in their services; they’re understanding and willing to learn. They also deliver promptly and communicate well via emails.","A Clutch analyst personally interviewed this
				client over the phone. Below is an edited
				transcript.","Introduce your business and what you do there.","I’m the marketing coordinator for a medical company. We provide medical evidence to veterans through a telehealth platform. I oversee everything from email campaigns to blogs, SEO, website development, social media, visuals, and anything related to marketing.","What challenge were you trying to address with Big Leap?","I had a lot on my plate when I entered this position. We realized that I had to juggle more than we initially thought, so we needed someone for social media management. Then, we realized that we also required SEO work and blog writing.","What was the scope of their involvement?","On the blog side, they link each blog with a Google Doc, which we can review to make suggestions or comments. They check it, make the changes, and send it back for a second review. We usually don’t have to do more than 1–2 reviews, and then we put it ourselves on the website. We use WordPress, so all the blogs are posted there. For the content, we brainstorm ideas together; their team writes the blogs, does the research, and includes any additional links. Additionally, they help push a couple of pieces of content out on our social media talking about the new blogs on the website.","","","What is the team composition?","Initially, they did a comprehensive keyword research piece and a website audit. They provided the keywords for each blog and researched the best trends for the topics we covered. Since then, Big Leap has done a couple of other social media and website audits to ensure our SEO and keywords are strong across all our pages.","How did you come to work with Big Leap?","Big Leap has provided social media marketing services. They’ve kept all the content, generated ideas, tracked them, and shared them through Google Sheets. The document would provide the topic headline, copy, and links to be attached so we could review it easily.","What is the status of this engagement?","","What evidence can you share that demonstrates the impact of the engagement?","","How did Big Leap perform from a project management standpoint?","","What did you find most impressive about them?","","Are there any areas they could improve?","","","We communicate with them through emails, Google Docs, and Google Sheets. Big Leap uses Slack internally.","","Their SEO service has been outstanding, and they’re willing to understand our brand. When we talked about dropping the social media work, they were very understanding about why were letting it go. They’re always willing to learn and grow; we regularly give them honest feedback so they can do their job as best as possible.","5.0","We also send out email campaigns, so they’ve written emails around some blog topics. Typically, we take the letter description they’ve come up with and put that as the email’s body. When we push out emails that have to do with the blogs, they provide a call to action and a place for us to link back to our website for the customer to read more.","Since we engaged with Big Leap, we’ve worked with about 10 teammates. We’re regularly in contact with 2–3 people per meeting: the SEO manager, the client success strategist, and the content review specialist. We usually work with high-level employees; they take all the suggestions back to their team, so we don’t interact much with the SEO and blog writers.","At first, everything was going exceptionally well; they were on top of the project. After a few months, we had to bug them a bit to deliver the blog content. It didn’t happen often, but sometimes there were delays. However, since we have the new team involved, everything has been on time. They’re quick to respond and excellent at getting things to us in a timely manner.","","","","","","","We did a bit of market research to find somebody to handle our social media. We interviewed a couple of companies and ultimately decided to hire Big Leap. After talking to my managers, we chose them based on the slide deck of information they provided. The numbers, content, and professional look and feel of their work were the best path for us. We also enjoyed the time we spent on calls; their team members were the best fit for our company.","We’ve seen continuous yearly growth with their monthly reports. Our ranking on Google has also increased, although it’s a bit more difficult to look at because some updates with Google Analytics have caused the numbers to dip a bit. However, for the most part,  the monthly numbers shoot up and are looking strong, which is really exciting.","","We started working with them in March 2021, and our relationship is ongoing."
"SEO Services for Beauty Supply Company","Search Engine Optimization","","Less than $10,000","Oct. 2021 - Ongoing","5.0","5.0","5.0","4.5","5.0","""The SEO work completed by Big Leap has helped take our websites to the next level!""","Aug 22, 2022","Junior Analyst, Beauty Supply Company","Anonymous","Verified","Other industries","Saint George, Utah","1-10 Employees","Online Review","Big Leap provides SEO services for a beauty supply company. The goal is to help them gain more traffic through their website. Two people work directly with the client throughout their project roadmap.","The company is pleased with Big Leap's services, praising their team members' attentive, organized, and thorough work. They manage tasks well and streamline their communications effectively. They're highly professional and knowledgeable as they constantly support the client throughout the project.","The client submitted this review online.","Please describe your company and your position there.","We are a beauty supply company for licensed professionals. We are best known for our Lash Lifting, Brow Lamination and Tinting Supplies.","For what projects/services did your company hire Big Leap, and what were your goals?","We hired Big Leap to improve our SEO and drive more traffic to our sites.","How did you select this vendor and what were the deciding factors?","Their team has assisted us in many ways throughout our ""Roadmap""","","","Describe the scope of work in detail, including the project steps, key deliverables, and campaigns.","","How many people from the vendor's team worked with you, and what were their positions?","Big Leap was recommended to us by a partner who has previously worked with other companies that Big Leap has assisted in meeting their goals.","Can you share any measurable outcomes of the project or general feedback about the deliverables?","Anita has been the team leader throughout our work. Holly has assisted us in our SEO needs. Others join our call occasionally, but Anita and Holly have been our two main team members.","Describe their project management style, including communication tools and timeliness.","Big Leap has been wonderful to work with! Anita and her team are very attentive, organized, and thorough with their work. The SEO work completed by Big Leap has helped take our websites to the next level!","What did you find most impressive or unique about this company?","Anita is very good at sending our agenda and zoom link before our weekly scheduled call. The roadmap is also helpful to review the next steps that will be taken to reach the goal.","Are there any areas for improvement or something they could have done differently?","Their level of professionalism and knowledge were outstanding, and we have felt very supported throughout this whole process.","","None.","","","","","5.0","","","","","""Big Leap has been a joy to work with""","""They're top-notch; working with Big Leap has been a joy.""","""Big Leap has well communicated any upcoming meetings""","""Priced fairly for their expertise and knowledge""","""Very likely to recommend","","","",""
"SEO & PPC for Orthodontic Clinic","Pay Per Click","Search Engine Optimization","$10,000 to $49,999","Jan. 2021 - Ongoing","5.0","5.0","5.0","5.0","5.0","""They make themselves very available and are excellent communicators.""","Aug 8, 2022","Owner, Urban Orthodontics","Anonymous","Verified","Other industries","Union City, New Jersey","11-50 Employees","Online Review","Big Leap provides SEO and PPC services for an orthodontic clinic. After a discovery phase, they set forth a plan to change the business' current trajectory and certain aspects to make the website manageable.","Thanks to the Big Leap team, the company has seen an increase in their total number of leads and has ranked higher on Google for several keywords. The team has been highly involved and proactive, leading to an efficient process. Their extra efforts to ensure the project's success are commendable.","The client submitted this review online.","Please describe your company and your position there.","I am the owner of Urban Orthodontics.","For what projects/services did your company hire Big Leap, and what were your goals?","We were transitioning from a previous ""all in one"" SEO & PPC firm and wanted a more original approach to market our services. Our goal was to increase our online presence and get more leads through google and online.","How did you select this vendor and what were the deciding factors?","We had a discovery period where they analyzed the previous work which was done on our site. It was very revealing to see that the work was very generic and copy/paste from other sites. They then setforth a plan on how we are going to change our current trajectory and also change certain aspects which would give us control of our own website.","","","Describe the scope of work in detail, including the project steps, key deliverables, and campaigns.","","How many people from the vendor's team worked with you, and what were their positions?","We were reccomended to Big Leap through one of our consultants.","Can you share any measurable outcomes of the project or general feedback about the deliverables?","We worked 2 people from Big Leap directly. Matt helped get us onboarded and set up a solid plan and helped explain the nuances of what they did and also explained how to read/interpret the data they collected. A lot of hand holding and communication which was important since we had no idea how SEO and PPC worked. Ryan was very involved in the early meeting and is currently our point of contact about anything associated with our practice. They make themselves very available and are excellent communicators. Ryan is also very proactive and works/speaks with other vendors/services we use to make sure things are working properly.","Describe their project management style, including communication tools and timeliness.","We have seen an increase in our total number of leads. We are also ranking very well on google and are in the number 1 position for several key words for our industry.","What did you find most impressive or unique about this company?","We have monthly meetings where we go through the actual results and get an update on how we did. However if we are running any promotions or need to update something they have been very responsive via email and phone.","Are there any areas for improvement or something they could have done differently?","They go out of their way to explain what the did and why. I know to them it is all very easy but for someone who is doctor who knows nothing about SEO it is nice for someone to take their time to provide the indepth insight and dumb it down. I feel they genuinely want their clients to succeed and will make the extra effort to make sure they are doing right by their clients.","","Overall I like their work. The only thing which at first was mildly annoying was they didn't do Google Ad words and I would have to work with one of their reccomended clients. We have now been working with the reccomended ad words client and have been happy.","","","","","5.0","","","","","","""Extremely easy""","""Very fair for level of expertise and service""","""I do refere/reccomend to my friends and colleages.","","","","",""
"SEO Services for Online Review Platform","Search Engine Optimization","","Less than $10,000","Dec. 2019 - Ongoing","5.0","5.0","5.0","5.0","5.0","""Big Leap's knowledge and professionalism has been super impressive.""","Mar 29, 2021","Social Media & Community Manager, Online Review Platform","Brittany Bono","Verified","Other industries","New York City, New York","501-1,000 Employees","Online Review","Big Leap provides ongoing SEO services for an online review platform. The team created short- and long-term strategies, content, links, and provided site fixes. They deliver monthly reports to track progress.","Thanks to Big Leap's efforts, search results improved and helped the client reached their goals. The team communicates seamlessly through biweekly meetings and emails. They are described as organized, efficient, and easy to work with ensuring an ongoing engagement.","The client submitted this review online.","Please describe your company and your position there.","I worked as Social Media & Community Manager at an online review platform. My day to day included helping execute a social media strategy as well as a community management and online reputation strategy.","For what projects/services did your company hire Big Leap, and what were your goals?","We needed extra hands on deck so we worked with Big Leap for SEO services to help improve our rankings in search results.","How did you select Big Leap and what were the deciding factors?","We worked with Big Leap and helped them get to know our company and goals. They put together short term and long term strategies to achieve those goals and helped us implement those. We worked with Big Leap on optimized content, links, site fixes and clean up, social media posts and more to help improve our rankings and they delivered monthly reports to track our progress.","","","Describe the scope of work in detail, including the project steps, key deliverables, and campaigns.","","How many people from the vendor's team worked with you, and what were their positions?","We did our research, read reviews and testimonials and spoke with lots of agencies, but found that the team at Big Leap was the most qualified for what we were looking to do and the team was great to work with.","Can you share any measurable outcomes of the project or general feedback about the deliverables?","We had an account manager and 2 SEO experts that we met with on a biweekly basis. They always checked in with us on those meetings and via email to make sure we were all in sync and communicating with us regarding any updates.","Describe their project management style, including communication tools and timelines.","Since working with Big Leap in implementing SEO efforts, we saw our results in search improve. They definitely helped us reach our goals and delivered what we were looking for.","What did you find most impressive or unique about this company?","Big Leap was awesome to work with! They're organized and efficient and made sure they communicated everything to the team either in the biweekly meetings or via email. We used Google Suite for most campaigns, which made it easy for both us and them to collaborate on new ideas. They always met any deadlines and always helped in pulling together reports as asked.","Are there any areas for improvement or something they could have done differently?","Big Leap's knowledge and professionalism has been super impressive. They helped the team to understand SEO and how to achieve our goals in a simple way.","","I can't think of any! They're creative and helpful and always walked us through any new initiatives that they came up with so everyone was really happy with that.","","","","","5.0","","","","","","","","","","","","",""
"Reputation Management for Nonprofit Organization","Pay Per Click","Search Engine Optimization","Less than $10,000","Nov. 2020 - Ongoing","4.5","4.5","4.5","5.0","4.5","""The most impressive part of working with Big Leap has been their understanding of the sensitivity of our work.""","Mar 8, 2021","Marketing Director, Nonprofit Organization","Anonymous","Verified","Other industries","Salt Lake City, Utah","11-50 Employees","Online Review","A nonprofit organization began suffering from negative attention from certain individuals causing people to misunderstand their mission. They tapped Big Leap to help correct those mistaken perceptions.","Thanks to the efforts of the Big Leap team, positive content related to the company is getting ranked higher on the SERPs and negative pieces are beginning to rank lower. The company appreciates how the team understands their work and how important it is to correct misinformation about their goals.","The client submitted this review online.","Please describe your company and your position there.","We are a nonprofit organization raising awareness on controversial and polarizing issues.","For what projects/services did your company hire Big Leap, and what were your goals?","Our nonprofit organization works in addressing controversial and polarizing issues. Over the years, our efforts have come under some inaccurate scrutiny from individuals in industries across the aisle, which has unfortunately caused people to have a misunderstanding of our mission.","How did you select Big Leap and what were the deciding factors?","Big Leap has helped by picking content we've created, having their copywriters rework the articles, and find other credible sites to host this content to.","","","Describe the scope of work in detail, including the project steps, key deliverables, and campaigns.","","How many people from the vendor's team worked with you, and what were their positions?","Big Leap has helped to combat this negative misinformation by creating new content on different websites that directly address this misinformation, all while using the popular keywords and search terms people are usually using when looking for this information.","Can you share any measurable outcomes of the project or general feedback about the deliverables?","","Describe their project management style, including communication tools and timelines.","","What did you find most impressive or unique about this company?","","Are there any areas for improvement or something they could have done differently?","","","","","","","","4.5","Their team meets with us biweekly to go over results, update us on progress, and address any more of our concerns.","We've had several Big Leap team members work with us, however, we've worked most closely with our Account Manager from Big Leap.","N/A","","","","","","","The content that Big Leap has helped us create has increased these positive pieces in our Google search ranking and has caused ""hit pieces"" to rank lower in search results.","The most impressive part of working with Big Leap has been their understanding of the sensitivity of our work. The importance to correct misinformation.","","With our team, Big Leap has used Google Sheets and Google Documents to collaborate with our team on projects."
"SEO Services for Nonprofit Foundation","Pay Per Click","Search Engine Optimization","$10,000 to $49,999","Feb. 2019 - Ongoing","5.0","5.0","5.0","4.0","5.0","""They have been an excellent vendor.""","Mar 8, 2021","Marketing Manager, Nonprofit Foundation","Jen Price","Verified","Other industries","Lehi, Utah","51-200 Employees","Online Review","A nonprofit foundation hired Big Leap to help grow their site organically and act as a consultant for their in-house content development. The goal is to help the client rank on terms related to their services.","Thanks to Big Leap, the client was able to experience double to triple digital growth for their sites. They help turn their negative growth performance around. The team is collaborative and supportive. They provide monthly reports and they deliver projects in a timely manner.","The client submitted this review online.","Please describe your company and your position there.","I am the marketing manager of a nonprofit committed to the eradication of child sexual abuse and its impacts.","For what projects/services did your company hire Big Leap, and what were your goals?","Big Leap was brought on to help support us in our organic growth goals and to consult on our content development from our in-house team. Our goal was to start ranking for major terms for our services.","How did you select Big Leap and what were the deciding factors?","","","","Describe the scope of work in detail, including the project steps, key deliverables, and campaigns.","I had previous experience with Big Leap from another job and they were added to the pool. Their proposal was the most cohesive and collaborative of the bunch we got. They also provided an amazing level of support through the project and thus convinced our executives to let us switch to them permanently.","How many people from the vendor's team worked with you, and what were their positions?","We previously had another SEO company who did not work very well with us. Instead of working with us on solutions they consistently told us we needed to change our content and the scope of our offerings to be eligible for more terms. That was a no-go. As such, we did a vendor search from a small pool of companies for a project to launch a new website.","Can you share any measurable outcomes of the project or general feedback about the deliverables?","Once they were selected as our vendor, we were in regular communication while launching the website and in the days following. They followed up on all the proper audits and fixes and talked me through additional projects we could undertake in-ouse once they were no longer on the project.","Describe their project management style, including communication tools and timelines.","We worked with 3 people initially: The Digital Marketing Director, the Digital Marketing Manager/Account Manager, and the Salesman who part part of the initial pitch.","What did you find most impressive or unique about this company?","The website they helped up launch and have subsequently continued to work on has shown triple digit growth over the last 2 years since the launch. Big Leap was also able to help up turn around the negative growth that was happening on another one of our sites and we have seen double digit growth after the initial year of fixing a lot of problems introduced by the previous company.","Are there any areas for improvement or something they could have done differently?","They are very collaborative and supportive. Given the structure of our business, marketing and content creation are separated by departments. Big Leap does an excellent job of bridging those departments and helping us and them form a cohesive team.","","","","","","","5.0","Our engagement started by doing a vendor selection and asked each SEO vendor to scope our the project to launch a new website. Big Leap provided that scope and also set up several calls with us to talk through any of our anxiety points as well as to talk through timeline and game plan to make sure we felt supported.","","Their willingness to listen to their customer and work collaboratively on solutions, taking into consideration all the quirks that come along with our company.","Honestly, no. They have been an excellent vendor.","""Love working with Big Leap.""","""Wonderful results.""","""Consistent touch points and follow up.""","""As a nonprofit, the expense is big for us, but we see the value and the worth in it so we continue to prioritize the expense.""","""They are one of the best SEO agencies around.","","They send us monthly reports on our performance as well as reports on additional projects. Recently, Big Leap has helped us with a bunch of content creation and they have consistently been sending us outlines and finished drafts every week.","",""
"SEO & Content Creation for Haircare Products Company","Digital Strategy","Search Engine Optimization","$50,000 to $199,999","Jan. 2020 - Ongoing","5.0","5.0","5.0","5.0","5.0","“I thought that it was impossible to make a brand visible within a year, but Big Leap flipped my expectations.”","Mar 5, 2021","CFO, Seiseidou America","Meg Kubo","Verified","Advertising & marketing","Japan","1-10 Employees","Phone Interview","Big Leap came on board to help a haircare products company establish their brand in the US market. They created content for the website. Now, they provide SEO services to help boost organic rankings.","Big Leap has helped the company appear in top search results, increase sales from organic traffic, and gain a competitive edge over other companies. Responsive, supportive, and timely, the team manages the engagement well by providing detailed reports. Their costs are also very reasonable.","A Clutch analyst personally interviewed this
				client over the phone. Below is an edited
				transcript.","Introduce your business and what you do there.","Our organization is based in Japan, and we’ve recently established a business in the US. We sell haircare products, mainly online. I’m the CFO of the company.","What challenge were you trying to address with Big Leap?","We were doing our own SEO in Japan, but we had no knowledge of the US market. We needed a professional that knew the market very well, and we found Big Leap.","What was the scope of their involvement?","","","","What is the team composition?","We’re continuing to work with them for SEO. They’re helping to bring our name to the top of Google searches.","How did you come to work with Big Leap?","We had a 3–6-month contract with Big Leap to create content for our website and establish our brand and website in the US market.","How much have you invested with them?","","What is the status of this engagement?","They never give us unexpected surprises at the end of the month, and the work quality is always the same. I’ve worked with two other companies, and they always gave us unexpected prices at the end. I think that most other companies do that, but not Big Leap — we can work with them without worrying.","What evidence can you share that demonstrates the impact of the engagement?","","How did Big Leap perform from a project management standpoint?","","What did you find most impressive about them?","We’ve gotten really good visibility after just one year of working with Big Leap. We’re running a lot of ads, and almost 99% of our sales used to come from those. Now, as a result of Big Leap’s work, 10–15% of sales are coming from organic traffic.","Are there any areas they could improve?","Most of our communication is via email. If we have a quick question, we can get in touch with them by phone.","Do you have any advice for future clients of theirs?","","5.0","We’ve worked with 5–6 people from Big Leap. Right now, we have three resources and a project manager on their end.","They were referred to us by a previous advertising company we were using. We were approached by another SEO company, but we ultimately chose Big Leap.","","We also have videoconferences twice a month with everyone on our teams. They have a tool for measuring conversions and other data on their end, and they give us full reports at the end of each month.","","","","","","The cost so far is $70,000–$100,000. We pay a fixed fee each month.","In early 2020, our name didn’t come up in the first 50–100 search engine results pages (SERPs). Also, a brand in another company with a similar name to ours always appeared before us. Since we began working with Big Leap, our name has appeared before that other brand. Many people have started clicking on our links.","Also, they always make sure that the project is on track and never late, and they give us reports and answers at the right time.","We started working with Big Leap in early January 2020, and it’s ongoing."
"SEO & Content Strategy for Custom Software Dev Company","Search Engine Optimization","","$10,000 to $49,999","June 2020 - Ongoing","5.0","5.0","5.0","5.0","5.0","""I felt they did a great job of putting themselves in my shoes and understanding my concerns and apprehensions.""","Mar 4, 2021","CEO, Outsourced Software Development Company","Anonymous","Verified","Other industries","American Fork, Utah","51-200 Employees","Online Review","Big Leap was hired by a custom software development company to help with their SEO efforts for their site. The team also handles the client's content strategy to help increase visibility and online authority.","Thanks to Big Leap, the client was able to rank their core keywords on the top 10 pages of the search engines and rank first for their company name. The team provides updates for each step of the project. They conduct bi-weekly calls to go over progress and upcoming work.","The client submitted this review online.","Please describe your company and your position there.","We are a custom software development company. I am the CEO.","For what projects/services did your company hire Big Leap, and what were your goals?","We hired Big Leap to lead the efforts on the SEO of our website and also direct the content strategy for us as we try to increase our visibility and authority online.","How did you select Big Leap and what were the deciding factors?","","","","Describe the scope of work in detail, including the project steps, key deliverables, and campaigns.","The deciding factors mainly centered around finding the right partner for us, someone that would see themselves as an extension of us rather than a vendor. We also had a budget that we needed to fit under. Big Leap checked both of those boxes and gave us a proposal that showed us they could check both of those boxes.","How many people from the vendor's team worked with you, and what were their positions?","We selected Big Leap due to their expertise and depth in SEO. They also already understood our industry and had great ideas on how we could stand out from the rest of the crowd.","Can you share any measurable outcomes of the project or general feedback about the deliverables?","","Describe their project management style, including communication tools and timelines.","","What did you find most impressive or unique about this company?","","Are there any areas for improvement or something they could have done differently?","","","","","","","","5.0","The engagement started out with an in-depth audit of our site and overall presence online. They then created a detailed roadmap that outlined what work would be completed each month. The work was focused on optimizing the site on-site, off-site, and a content creation strategy. They were able to quickly knock out the on-site optimizations at the beginning and then move to off-site and content.","We worked with at least 5 people on their team. We had SEO strategist, content creators, the head of business development among others.","It's really hard to find something here, but there is always room for improvement. They did an excellent job on everything we've done so far. The only thing I can think of is the actual content creation. Our industry is really tough to write for and requires a lot of expertise. They have done a great job, but if there was one thing I had to point out it would be going deeper on the content.","","""They are the best!""","""The quality of their work is top notch.""","""They were always accommodating and communicated very well.""","""We feel great about the cost and the return we are getting.""","""I already refer people to them all the time.","Yes, we quickly started ranking in the top 10 pages for almost all of the core keywords we were targeting. We also within a month were ranking #1 for our company name, which we had problems with in the past. The work is ongoing and we continue to see an increase in rankings each month.","They really are a partner instead of just a vendor. I felt they did a great job of putting themselves in my shoes and understanding my concerns and apprehensions. They were transparent about what I could expect and what I shouldn't expect. This has led to a healthy and productive partnership between our company and Big Leap.","","They kept us updated each step of the way as they onboarded us and throughout the ongoing monthly fulfillment. We had bi-weekly calls with the team to go over progress and the upcoming work."
"SEO Services for Training & Development Company","Search Engine Optimization","","$50,000 to $199,999","Jan. 2021 - Ongoing","5.0","4.5","5.0","4.5","5.0","""A lot of SEO agencies are fluffy but not Big Leap. They build specific strategies based on our goals.""","Feb 24, 2021","Director Demand Generation, Training & Development Company","Anonymous","Verified","Education","Provo, Utah","51-200 Employees","Phone Interview","In addition to creating and marketing content, Big Leap conducts market research to inform digital marketing strategies. The team performs technical SEO audits as well as builds and executes SEO campaigns.","Following minimal training, Big Leap developed content that consistently outperformed the content internal resources created. They not only integrate with existing processes but also effectively manage projects independently. The team is methodical and flexible, leading to a productive partnership.","A Clutch analyst personally interviewed this
				client over the phone. Below is an edited
				transcript.","Introduce your business and what you do there.","I’m the director of demand generation for a company in the training, learning, and development space. We sell courses and products that help people in a number of different ways.","What challenge were you trying to address with Big Leap?","I brought them on board to start building our SEO channel. Our company has a great reputation in our space but organically, people couldn't find us. We had a ton of content but needed people to be able to find it.","What was the scope of their involvement?","Big Leap did a competitive market analysis and now, they’re creating a strategy based on their findings. We also have strategies in place, and their team uses their expertise to optimize them. They perform technical SEO audits to optimize our website too.","","","What is the team composition?","We leverage them for a number of use cases, such as content generation and content marketing initiatives. They create content to help us rank for certain terms and topics. Their team helps with optimization too. If a piece of content isn’t performing, they’ll take a look and figure out why.","How did you come to work with Big Leap?","Big Leap primarily helps build our organic traffic. They help with strategy, implementation, and execution.","How much have you invested with them?","On a week-to-week basis, I work with 1–2 people from Big Leap. However, the team changes in some cases.","What is the status of this engagement?","I found them through coworker referrals.","What evidence can you share that demonstrates the impact of the engagement?","Their services cost between $50,000–$80,000 a year.","How did Big Leap perform from a project management standpoint?","I started working with them at my current organization in January 2021, and it’s an ongoing relationship.","What did you find most impressive about them?","Ultimately, I measure our organic search ROI. Additionally, I track traffic, click-through rates, and keyword rankings, which are leading indicators of their campaigns’ success.","Are there any areas they could improve?","","Do you have any advice for potential customers?","","5.0","","","In a previous role with them, we did a lot of training with our internal team that was in charge of producing content. We basically didn’t have to train Big Leap. We spent about a month measuring the difference in performance between Big Leap’s content and our internal team’s content. In almost every case, Big Leap’s content outperformed our own.","Big Leap’s organized and in some cases, we leverage their project management offerings. We will also pass them into our own project management system for other projects. We seamlessly work together and no matter the form of project management, the work gets done. They’re a great partner because their team can help on a variety of different fronts.","","","","","","","","",""
"Digital Marketing for Personal Care Company","Digital Strategy","Search Engine Optimization","$50,000 to $199,999","Feb. 2018 - July 2019","5.0","5.0","5.0","5.0","5.0","“We really enjoyed working with them.”","Feb 24, 2021","Director of Digital Marketing, Modere","Christopher Fry","Verified","Retail","Springville, Utah","201-500 Employees","Phone Interview","Big Leap provided SEO services, conducted social media outreach, and managed the client’s online reputation by concealing negative posts. They also created content for the client’s website.","The client was very happy with their partnership with Big Leap. They provided regular reports on how the site’s traffic and Google rankings. The team provided excellent customer service, communicated with the client regularly, and always explained what they were doing.","A Clutch analyst personally interviewed this
				client over the phone. Below is an edited
				transcript.","Introduce your business and what you do there.","I’m the director of digital marketing at Modere. We sell healthcare and personal care products.","What challenge were you trying to address with Big Leap?","We wanted to make sure that people could find our company and products easily online. We hired Big Leap to help us improve our Google rankings and manage our online reputation.","What was the scope of their involvement?","I worked with at least 10 people on their team, including their president, managers, content creators, and social media specialists.","","","What is the team composition?","","How did you come to work with Big Leap?","They supported SEO and social media outreach. They also created content for our site and suggested we partner with new sites to increase exposure to our content. They also helped us manage our online reputation by pushing negative posts down so they were less visible.","How much have you invested with them?","They have a good reputation. I heard about them from some other companies and I knew someone who worked there. We contacted them to discuss their services and pricing and decided they could help us meet our goals.","What is the status of this engagement?","We spent between $40,000–$80,000.","What evidence can you share that demonstrates the impact of the engagement?","We worked with them from February 2018–July 2019.","How did Big Leap perform from a project management standpoint?","They always provided reports that covered our Google ranking and the number of people who saw the site. We really enjoyed working with them.","What did you find most impressive about them?","Their customer service was fantastic. They always hit their deadlines and communicated well. We met in person on a monthly basis, had a couple of Zoom calls, and emailed back and forth.","Are there any areas they could improve?","I was impressed with the results and their customer service. They did a fantastic job explaining why it was important to do certain things and why it took a while to see the impact of their work.","Do you have any advice for potential customers?","We never had an issue with them. We, unfortunately, couldn’t implement all of their suggestions because of internal limitations, so maybe they could offer alternative solutions.","5.0","","","","","","","","","","","","You should meet with them, ask tough questions, and let them explain what they can do for your business.",""
"SEO & Digital Strategy for Commerce Social Organization","Digital Strategy","Search Engine Optimization","$10,000 to $49,999","Jan. 2016 - Ongoing","5.0","4.5","4.5","5.0","5.0","""Big Leap's management is first class.""","Feb 24, 2021","President & CEO, The Utah Valley Chamber of Commerce","Curtis Blair","Verified","Other industries","Provo, Utah","1-10 Employees","Online Review","Big Leap is the chosen provider of a commerce social organization for SEO and digital strategy solutions. They deliver SEO best practices while exploring new methods to improve the client's audience engagement.","Big Leap has helped the client climb search engine ranks, improving their digital visibility. The team utilizes optimal project management tools, resulting in efficient communication and collaboration. They deliver as promised, and the engagement has been pleasant and impressive so far.","The client submitted this review online.","Please describe your company and your position there.","I am the President and CEO of the Utah Valley Chamber of Commerce. We connect businesses, thought leaders, and community initiatives to make our towns a great place to live and work.","For what projects/services did your company hire Big Leap, and what were your goals?","We hired Big Leap to create and execute a long play SEO strategy that engaged our community across multiple platforms and channels.","How did you select Big Leap and what were the deciding factors?","After the discovery phase, we outlined our goals and objectives. Big leap helped us with keyword research and performed an analysis of our online presence. From there, they made on-site changes and created new collateral with our updated tactics and keywords. Their team also manages our content calendar and posts regular blogs for our website, gearing it toward our target demographic.","","","Describe the scope of work in detail, including the project steps, key deliverables, and campaigns.","","How many people from the vendor's team worked with you, and what were their positions?","We have been impressed by their management team and ability to scale with their clientele. Big Leap delivers on the basic strategies of SEO while exploring new methods and compelling engagement opportunities with our desired audiences.","Can you share any measurable outcomes of the project or general feedback about the deliverables?","We engaged three specialists from Big Leap, including organic search, content writer, and SEO strategist.","Describe their project management style, including communication tools and timelines.","Our rankings continue to climb and our community shareholders more easily find us and the relevant topics we care about.","What did you find most impressive or unique about this company?","Big Leap utilizes the best in class tools of the trade. We coordinate well through the use of online platforms of communication, task tracking, and collaboration.","Are there any areas for improvement or something they could have done differently?","Big Leap's management is first class and they continually attract the talent and skills from the community to deliver on their promises and delight their customers.","","Big Leap regularly calls our team to provide updates, share new ideas, and receive constructive feedback.","","","","","5.0","","","","","","","","","","","","",""
"SEO Services for Health & Wellness Company","Other Digital Marketing","Search Engine Optimization","$10,000 to $49,999","Oct. 2017 - Sep. 2018","5.0","5.0","5.0","4.5","5.0","""They provided a great monthly breakdown of work and progress and meshed well with our marketing team as well.""","Feb 19, 2021","Director of Communications & Digital Marketing, Xyngular","Michael Jensen","Verified","Advertising & marketing","Lehi, Utah","201-500 Employees","Online Review","Big Leap provided SEO services for a health and wellness company. The team worked on optimizing and updating the site's content, blog article writing, and integrated HubSpot as an email sending platform.","Thanks to Big Leap's work, organic page views saw an increase of more than 180% year-over-year, and site traffic almost doubled within a year. The team established an excellent workflow through constant project updates. They were attentive, professional, and knowledgeable in their field.","The client submitted this review online.","Please describe your company and your position there.","Xyngular is a direct-selling company that sells weight loss and health supplements in the US, Canada, Mexico and in the Caribbean. I was hired in October of 2017 as the Director of Communications and was then made Director of Digital Marketing in early 2018.","For what projects/services did your company hire Big Leap?","Many direct-selling companies typically have SEO issues as many competing products vie to catch search traffic and also review sites compete for search rankings. Xyngular initially brought in Big Leap to help its SEO rankings and did so by helping to optimize the Xyngular website and blog content. They would also provide strategic direction in regards to content and digital marketing efforts as Xyngular really had no digital marketing to speak of prior to my arrival.","What were your goals for this project?","Our goals for SEO were simple, we wanted to clean up page 1 of Google. The impacts on Xyngular were huge, because of the direct-selling aspects of the business - many potential customers would use search engines to find out more about our products and business. When there are competing products and misinformation still on page 1, it can definitely impact the companies bottom line. Our goals for marketing automation/ESP were simple.","In addition, once we started to implement more digital marketing efforts, budget was freed up to look into marketing automation, a service Big Leap at the time offered with HubSpot. We soon implemented HubSpot as our official ESP as Big Leap helped provide direction to our IT department and training for our marketing department copywriters. This gave us the ability to better segment our email lists, in order to provide better and timely content and sales to specfiic audiences.","","How did you select Big Leap?","","Describe the scope of their work in detail.","We also started to use Big Leap in our content marketing efforts as content creators. They would provide keyword research and we would prioritize blog articles and other content pieces like infographics, etc. They also helped us with some social media management help as well.","What was the team composition?","","Can you share any outcomes from the project that demonstrate progress or success?","I met with both companies face-to-face along with our COO who was overseeing marketing at the time as he was the ultimate decision maker. Ultimately, the biggest factor that led us to staying with Big Leap was because we had already had several months of SEO work being done and we didn't want to interrupt that. Plus they could also offer Hubspot as a marketing automation option, something the competitor could not offer.","How effective was the workflow between your team and theirs?","I was the direct point-of-contact for Big Leap and would often have bi-weekly phone calls going over tactics and we would always get a monthly breakdown of work done & progress made. The scope of their work involved SEO -they were given access to the Xyngular website to optimize and update content - this included a list of changes and recommendations for links, titles and meta data.","What did you find most impressive about this company?","","Are there any areas for improvement?","","","With Big Leap's help we successfully implemented HubSpot and saw immediate returns in our emails with a 4.4% CTR (2% industry average), which also helped increase our blog views by more than 20%.","","The workflow was excellent, Big Leap was very attentive to our needs and also would come with ideas to help. They provided a great monthly breakdown of work and progress and meshed well with our marketing team as well.","5.0","We wanted to increase our engagement and CTR for emails and to get better analytics and feedback from our audiences. We also wanted the ability to create a better look and feel in our emails and to segment and automate emails where necessary to increase sales and average order size.","Before I was employed at Xyngular Big Leap was already doing SEO work for the company and helping with content optimization. Once we started to look at increasing our marketing budget and looking into marketing automation, we re-looked at Big Leap's capabilities and also looked at other local vendors. We quickly narrowed it down to Big Leap and another marketing company.","With Big Leap's help, we saw an increase in organic page views of more than 180% YoY, 75% more page views, and our site traffic increased from 2.8 million in 2017 to 4.9 million through August of 2018. Our social media saw FB organic reach increase by more than 30% YoY, engagement increase +50%, while referral traffic from social increased 465%! The company had its best year in 2017.","","""Great partners, data and results driven with a proactive customer approach""","""Professional, results driven, great collaboration""","""The were great at initiating meetings &amp; also attentive to my needs whenever I needed them, and always seemed to meet deadlines""","""Costs for the results they helped drive were great. When you get into the costs of implementing HubSpot make sure you're maximizing the tool""","""Would definitely recommend them to anyone who is looking for a true partner specializing in digital marketing -specifically SEO &amp; content marketing","","Xyngular had around 3 different project managers during my time with the company. They would help coordinate updates and go over any concerns we may have had.","Their knowledge of SEO and keyword research is what stands out, but they were also true partners who listened to our challenges and workload and would offer help and solutions along the way and on time. As someone who managed the vendor relationship, you want to partner with people who are going to do great professional work that produces results, be proactive in providing new ideas and help whenever asked and also work with people you can trust. Big Leap checked all those boxes.","Big Leap also provided blog article recommendations based on keyword research and then later agreed to write a certain amount of blog articles. Big Leap, as a HubSpot partner, was to help us implement and train on HubSpot as an ESP and help integrate with our systems."
"SEO & Content Creation for Hot Tub Manufacturer","Content Marketing","Search Engine Optimization","$10,000 to $49,999","Jan. 2016 - Ongoing","4.0","4.0","5.0","4.5","4.5","""Our organic traffic has grown every year we have worked with them, and we've generally hit our goals.""","Feb 18, 2021","Demand Generation Manger, Manufacturing Company","Anonymous","Verified","Other industries","Salt Lake City, Utah","201-500 Employees","Online Review","A product manufacturer engaged with Big Leap for SEO and content creation services. The team performs keyword research, auditing, and content writing tasks to boost the client's organic traffic rate.","Big Leap's marketing efforts continue to generate positive results for the client. Since the start of their partnership, the client's organic traffic rate has consistently been optimized. The team's responsiveness and eagerness to help the client's business flourish stand out in this collaboration.","The client submitted this review online.","Please describe your company and your position there.","I am the demand generation manager of a hot tub manufacturer.","For what projects/services did your company hire Big Leap, and what were your goals?","We hired Big Leap as an SEO marketing agency to help us grow our organic traffic and create content for our blog.","How did you select Big Leap and what were the deciding factors?","They have performed keyword research, technical SEO audits, content audits, written content, and more over the past few years for us. We've generally seen positive results with our organic traffic growth.","","","Describe the scope of work in detail, including the project steps, key deliverables, and campaigns.","","How many people from the vendor's team worked with you, and what were their positions?","We've been working with them so long that I wasn't part of the initial discussion on hiring them, but we've continued to use them based on the quality of their work compared to other SEO agencies.","Can you share any measurable outcomes of the project or general feedback about the deliverables?","We've worked with several digital marketing managers and their teams over the years. Since I've been at my company, I believe we've had 4 different managers over 4 years that have been the lead contact for us.","Describe their project management style, including communication tools and timelines.","Generally positive results. I believe our organic traffic has grown every year we have worked with them and we've generally hit our goals as well.","What did you find most impressive or unique about this company?","They usually just have 1 meeting per month where they go over a report and talk about next steps. They are willing to respond to emails or schedule other meetings when necesary.","Are there any areas for improvement or something they could have done differently?","They've been growing a lot and shown that they know how to help companies improve their SEO & digital marketing","","At times I've felt they don't spend enough time on our objectives or communicating with us because they are too busy with other clients. Depending on the year and team we were working with, content quality has been suspect.","","","","","4.0","","","","","""Good team and people to work with. Generally high quality work and they do a good job of staying up to date on SEO trends and best practices""","""I feel like they're great at SEO and haven't been amazing at creating the content itself, but have been doing better recently""","""Generally easy to get a hold of and schedule a meeting""","""For an agency I think they are priced fairly. In general I just think agencies are overpriced for the amount of work you actually get""","""I don't know who I'd refer instead of them,","","","",""
"SEO Services for Employee Recognition Software Company","Search Engine Optimization","","$10,000 to $49,999","Jan. 2020 - Ongoing","5.0","5.0","5.0","5.0","5.0","""We are very impressed with the content written for the striking distance recommendations.""","Feb 18, 2021","Digital Marketing Strategist, Recognition Software Company","Anonymous","Verified","Other industries","Salt Lake City, Utah","1,001-5,000 Employees","Online Review","Big Leap provides ongoing SEO services for an employee recognition software company. The team works on backlinking striking distance and skyscraper content and the project goal is to increase visibility.","Thanks to Big Leap's work, the company culture glossary is increasing and has the best organic web traffic to date, satisfying the client's expectations. The team communicates seamlessly and provides regular project updates. Their level of industry expertise is key to this success.","The client submitted this review online.","Please describe your company and your position there.","I am a Digital Marketing Strategist for an employee recognition software service company.","For what projects/services did your company hire Big Leap, and what were your goals?","We work with Big Leap to acquire backlinks, write striking distance content, net new skyscraper articles, and Big Leap provided us with a site audit that we are working towards completing. Our goals are to increase our organic visibility, with a focus on ""Company Culture"" terms.","How did you select Big Leap and what were the deciding factors?","Backlinking to specific content pieces Site Audit Striking distance recommendations/content written to increase visibility Skyscraper content written targeting specific keywords","","","Describe the scope of work in detail, including the project steps, key deliverables, and campaigns.","","How many people from the vendor's team worked with you, and what were their positions?","Manager had previously worked at BL, and liked the company, was in budget, the rest is history :)","Can you share any measurable outcomes of the project or general feedback about the deliverables?","I am on an email thread with a few, but I work closely with one - Ryan, who is a Digital Marketing Manager.","Describe their project management style, including communication tools and timelines.","Company culture glossary has been increasing, we currently have the best organic web traffic we've ever had. I am happy about the deliverables!","What did you find most impressive or unique about this company?","We have Google spreadsheets, and Ryan will send regular updates about projects and metrics around keywords.","","We are very impressed with the content written for the striking distance recommendations, and appreciate them answering questions whenever they arise.","","","","","","","5.0","","","","","","","","","","","","",""
"SEO Services for Cremation Company","Search Engine Optimization","","Less than $10,000","June 2020 - Ongoing","5.0","5.0","5.0","5.0","5.0","""They make recommendations but let you decide what is best for your business.""","Feb 18, 2021","CEO, All California Cremation","Ken McKay","","Other industries","Palm Desert, California","51-200 Employees","Online Review","Big Leap provides SEO services for a cremation company. Services include site auditing, keyword research, and creating content in order to increase the client's market share in their industry.","Their work has immensely enhanced the client's organic search and keyword rankings. Additionally, due to their excellent work, the company's revenue increased dramatically. Professional and detailed, Big Leap takes time to understand the client's goals before implementing strategies.","The client submitted this review online.","Please describe your company and your position there.","I am the CEO of All California cremation. An online cremation company that allows families to arrange cremation services online, from the comfort of there home never entering a Funeral Establishment","For what projects/services did your company hire Big Leap, and what were your goals?","SEO focusing on organic searches that would help build our market share","How did you select Big Leap and what were the deciding factors?","It started with a comprehensive plan. That involved breaking down and reviewing our current system. One of the first steps was a site audit that involved the seed keyword research and recommendations, followed by the metadata, building content and blogs and continued work on the rankings","","","Describe the scope of work in detail, including the project steps, key deliverables, and campaigns.","","How many people from the vendor's team worked with you, and what were their positions?","We were originally referred by a company called Boostability and after our initial meetings and calls we decided on Big Leap primarily due to there comprehensive planning and reporting","Can you share any measurable outcomes of the project or general feedback about the deliverables?","At least 5.","Describe their project management style, including communication tools and timelines.","We have been able to directly relate improvements in our organic search operation and keyword rankings to increased case count and market share with the revenue far outweighing the cost of the service","What did you find most impressive or unique about this company?","The Big Leap team are personable and professional. I feel at this point as if I know them personally. They develop a well laid out plan over a certain time period with goals and timelines provided. They are very interactive with the client and take the time to understand the business they are helping. Regular calls and meetings help keep everyone on track and the project moving forward. No content is launched without the client approval. They make recommendations but let you decide what is best for your business.","Are there any areas for improvement or something they could have done differently?","There knowledge as a team and ability to build a plan with minimal effort from the client that is easy to understand and follow","","We are completely satisfied with every aspect of the Big Leap team","","Taylor -Client Strategist","","","5.0","","","","","","","","","","","Cassara -Digital Marketing Manager","Sean -Digital Marketing Specialist",""
"SEO Consulting & Content Creation for HR Software Company","Content Marketing","Search Engine Optimization","$10,000 to $49,999","Jan. 2014 - Ongoing","5.0","5.0","5.0","5.0","5.0","""They've done a great job communicating and working together with us.""","Feb 18, 2021","Product Marketing Manager, HR Software Company","Eric Serdar","Verified","Other industries","Lindon, Utah","501-1,000 Employees","Online Review","An HR software company engaged Big Leap to perform SEO consulting services and content creation. Their main goal is to enhance the client's online presence, increase site traffic, and gain massive leads.","Big Leap's involvement has led to an increase in traffic, leads, and revenue. The client appreciates that they provide detailed project reports. Their responsiveness and honesty are critical to the engagement's continued success.","The client submitted this review online.","Please describe your company and your position there.","We are an HR software company for small to medium sized business and I'm a product marketing manager","For what projects/services did your company hire Big Leap?","We hired Big Leap to help us with content creation (infographics, ebooks, research studies, blog articles) for our site, technical SEO, and CRO consultation.","What were your goals for this project?","Big Leap had a proven track record of success with other clients and showed us a detailed plan of what work they could do with us and the price point was right.","","","How did you select Big Leap?","","Describe the scope of their work in detail.","We hired Big Leap to help us increase our online presence, drive traffic to our site, make sure we were had our technical SEO covered, and increase leads.","What was the team composition?","This is an ongoing relationship/partnership and continues to evolve. Some months are more focused on content, others are more focused on technical help, and some are focused on CRO.","Can you share any outcomes from the project that demonstrate progress or success?","We worked with a director and an account manager on a weekly basis to go over the progress of the projects. On the backend they had several fulfillment people (writers, SEO analysts, designers) that would help produce for us.","How effective was the workflow between your team and theirs?","We've been able to 10x the number of users to our blog. We've seen a tremendous amount of growth for our product pages which has to lead to record months for visitors, leads, and revenue. They've been a great partner in helping us increase our traffic and leads coming from the organic channel.","What did you find most impressive about this company?","They've done a great job communicating and working together with us. We've switched tools a few times since starting work with them and they've been very adaptable between email, Asana, and Wrike.","Are there any areas for improvement?","Big Leap does a great of reporting back on the success (and sometimes failures) of projects that we're working on together. Their ability to communicate with us is impressive.","","","","","5.0","","","We understand that we won't always be on the same page with every project, but we've both worked hard to have open, frequent conversations together. We're not afraid to tell them when we need more from them, and they're not afraid to tell us when we're being a roadblock to having more success.","I can't think of anything currently.","","","","","","","","",""
"Search Optimization for Software Startup","Content Marketing","Pay Per Click","$10,000 to $49,999","Dec. 2018 - Mar. 2021","5.0","5.0","5.0","5.0","5.0","""The quality of the content was what impressed us the most. ""","Feb 18, 2021","CEO, Jump","Chad Ingram","Verified","Other industries","Lehi, Utah","51-200 Employees","Online Review","Big Leap was hired by a software startup to help them manage and grow their marketing efforts.  The team is working on creating strategic content for the client's audience and prospective users.","Thanks to Big Leap's efforts, the client was able to receive a total of 10% increase in their organic traffic on a month-over-month period. The team is great at communicating and integrating their workflow with the internal team.","The client submitted this review online.","Please describe your company and your position there.","I am the founder of Jump","For what projects/services did your company hire Big Leap?","As a startup, we were having a difficult time managing all of our growing marketing needs. Our ad budgets were growing and we could not keep up on content and SEO work. So we engaged Big Leap to help us write strategic content for our users and prospective users.","What were your goals for this project?","Their proposal was the most appealing. Our marketing endorsed using Big Leap.","","","How did you select Big Leap?","","Describe the scope of their work in detail.","Our goals were to generate more consistent traffic from other web sources to ensure we were not entirely dependent on paid ads. Big leap helped us generate more traffic consistently. After some time, we were finally getting organic inbound leads.","What was the team composition?","Their work was to write 1 weekly article on specific keywords where we were falling behind our competition. They were also helpful in identifying opportunities in search traffic where our competition was also not ranking. The reporting from Big Leap was also very helpful and consistent to their strategic objectives.","Can you share any outcomes from the project that demonstrate progress or success?","I know the owners myself fairly well. They are a great team made of a great culture. The account manager and the content writers stayed very integrated with our team so their was no ambiguity regarding the work at Big Leap. This was a big deal for us.","How effective was the workflow between your team and theirs?","We received about 10% month over month organic traffic increases.","What did you find most impressive about this company?","The teams were easily integrated. The Big Leap team was great at communicating with our team. This is unique for SEO companies who kind of forget about their clients and just do their work. Big Leap is great at communication. We saw them as an extension of our own team.","Are there any areas for improvement?","The quality of the content was what impressed us the most. They did not do the traditional spray-and-pray content strategy that most SEO firms do... they work on strategic content for the most results.","","Not that I can think of now.","","","5.0","","","","","""Great team. Great company. Great work.""","""We got the results we wanted.""","""Easy""","""Although they aren't cheap, you get what you pay for.""","""I refer them to anyone I know.","","","",""
"Branded SEO for SaaS Company","Search Engine Optimization","","$50,000 to $199,999","June - Dec. 2017","5.0","5.0","5.0","5.0","5.0","""They're exceptionally pragmatic and they focus their energies on results instead of optics.""","Feb 16, 2021","VP of Marketing & Communications, SaaS company","Brad Plothow","Verified","Other industries","Lehi, Utah","51-200 Employees","Online Review","Big Leap provided branded SEO services for a SaaS company. The goal is to eliminate the negatively branded search terms that were hurting the client's business.","Big Leap was able to successfully help in adding positive branded search results for the SaaS company. The client is pleased with their work given the amount of difficulty and complexity it entrails. The team used a proprietary project management system to help track deliverables and progress.","The client submitted this review online.","Please describe your company and your position there.","At the time, I worked for a software-as-a-service company that helped small businesses manage customer interactions. I was vice president of marketing & communications.","For what projects/services did your company hire Big Leap, and what were your goals?","We needed to improve our branded SEO on a key search term. We had a negative branded SEO footprint on this term, and it was outdated but hurting our business. Many of the branded search results were sites with extremely high domain authority.","How did you select Big Leap and what were the deciding factors?","Goal was to improve branded SEO footprint to 9 out of 10 positive results (started with 0 out of 10 positive). Project was broken down into several content creation steps. We created new accounts, populated them with new and repurposed content, optimized existing owned properties, and launched a branded microsite.","","","Describe the scope of work in detail, including the project steps, key deliverables, and campaigns.","","How many people from the vendor's team worked with you, and what were their positions?","We chose Big Leap due to past positive interactions, relationships with key people in the company, high competency in branded SEO, and assignment of a great team.","Can you share any measurable outcomes of the project or general feedback about the deliverables?","4-5, ranging from SEO and content specialists to vice president.","Describe their project management style, including communication tools and timelines.","Big Leap successfully helped us achieve 9 out of 10 positive branded search results on P.1 and 18 out of 20 positive within 7 months. We were exceptionally pleased, given the complexity and difficulty of the task.","What did you find most impressive or unique about this company?","Big Leap used a proprietary project management system to help us keep track of deliverables and progress. We reviewed in weekly meetings. We each had action items each week and never missed deadlines.","Are there any areas for improvement or something they could have done differently?","They're exceptionally pragmatic and they focus their energies on results instead of optics.","","Writing skill was hit or miss, which I think makes sense given the SEO focus.","","","","","5.0","","","","","","","","","","","","",""
"SEO & Paid Search Marketing for SaaS Organization","Advertising","Search Engine Optimization","$10,000 to $49,999","June 2015 - June 2017","5.0","5.0","5.0","5.0","5.0","""They were flexible in balancing their approach based on corporate needs.""","Feb 15, 2021","Senior Manager, SaaS Organization","Logan Mallory","Verified","Other industries","Boston, Massachusetts","501-1,000 Employees","Online Review","A SaaS organization hired Big Leap to help improve their SEO efforts and support their paid search marketing. The goal was to drive traffic to their site after a rebranding impacted their Google presence.","Thanks to Big Leap's efforts, the client's ranking in Google dramatically increased. Meetings were frequently and consistently scheduled. They used Google Suite to provide better communication and collaboration. Responsive and available, the team was always there to help the client.","The client submitted this review online.","Please describe your company and your position there.","I was the Digital Marketing Manager for a $100M+ SaaS organization. We had more than 800 employees and I was responsible for managing our web properties. I reported to the VP of Marketing, managed two teams with seven total employees and managed the responsibilities of a 5 person web dev team.","For what projects/services did your company hire Big Leap?","We hired Big Leap to help us focus on SEO improvements and to manage our paid search marketing. Eventually the paid search was managed by a peer who was hired to focus on that specifically, but the organic efforts stayed with me for the duration of my time there.","What were your goals for this project?","We were working with a different agency in another market previously, but spent time with Big Leap per their local reputation. Though we met with multiple companies, the audit provided by Big Leap gave us a clear understanding of what we would work on with them. This decision was made between myself, the VP of Marketing and the CMO.","","","How did you select Big Leap?","","Describe the scope of their work in detail.","We wanted to drive additional organic traffic. A rebrand had impacted our presence on Google and we wanted to surpass where we were. This meant content, on page improvements and general site optimization per SEO best practices.","What was the team composition?","Big Leap was a key partner on many fronts. They were a crucial partner in the strategies we pursued, collaborated with our dev team on planning and understanding execution. They delivered key content pieces and provided consistent reporting.","Can you share any outcomes from the project that demonstrate progress or success?","I worked with two different representatives from Big Leap during our time together. Initially it was a manager level employee, but later a director level took over our account. I was familiar with a number of specialists on the team from various projects. The CEO and a VP consistently joined our discussions and regardless of whether or not they were in the meeting, I ALWAYS knew they'd take my call and respond quickly.","How effective was the workflow between your team and theirs?","Not able to share specifics, but we saw a dramatic increase in our ranking with Google, our content library grew and we accomplished many of our goals.","What did you find most impressive about this company?","Scheduled meetings were frequent and consistent. We communicated and collaborated with the Google suite. Project management efforts were based on priorities, resources and impact.","Are there any areas for improvement?","As I alluded to earlier, I always knew that Big Leap would be responsive and available when we needed something. They were flexible in balancing their approach based on corporate needs. And significantly - they were great to work with. Kind, fun, energetic. They fit right in with our culture which was meaningful.","","No major areas for improvement.","","","5.0","","","","","","","","","","","","",""
"Digital Marketing  & Content Strategy for Financial Company","Other Digital Marketing","","$50,000 to $199,999","Jan. 2019 - Jan. 2020","5.0","5.0","5.0","5.0","5.0","""I felt like a very valued client.""","Feb 12, 2021","Chief Revenue Officer, Divvy","Sterling Snow","Verified","Financial services","Salt Lake City, Utah","201-500 Employees","Online Review","Big Leap helped a financial services company boost digital marketing efforts. They developed content strategy, built our SEO framework, and launched paid campaigns.","Big Leap created a positive experience for the client and brought satisfactory work. They had good communication skills and their workflow was effective. The team displayed an impressive level of caring.","The client submitted this review online.","Please describe your company and your position there.","I run Marketing, Sales, and Customer Success at Divvy.","For what projects/services did your company hire Big Leap?","We were very young looking to boost all our digital marketing efforts. Content, SEO, Paid ads, etc.","What were your goals for this project?","They owned the whole project from start to finish.","","","How did you select Big Leap?","","Describe the scope of their work in detail.","Provide clear lift/ROI across Marketing KPIs","What was the team composition?","Developed content strategy, build out our SEO framework, launched paid campaigns and started our funnel modeling basis.","Can you share any outcomes from the project that demonstrate progress or success?","Account manager and experts.","How effective was the workflow between your team and theirs?","I love working with Big Leap, I've sent people their way and will continue to do so. Brian and his team communicate well and know their craft. I love when we get to work together.","What did you find most impressive about this company?","Effective, good communication and cadence.","Are there any areas for improvement?","The level of caring, I felt like a very valued client.","","Nothing comes to mind!","","","5.0","","","","","""Love em!""","""Loved our experience""","""Easy""","""Worth the cost""","""I have and will continue to","","","",""
"SEO Services for Dental Practice Marketing Company","Search Engine Optimization","","$10,000 to $49,999","June 2014 - June 2016","5.0","5.0","5.0","5.0","5.0","""They have the most knowledgeable people when it comes to SEO and digital marketing in general.""","Feb 12, 2021","CTO, 123 Postcards","Mark Delorey","Verified","Advertising & marketing","Heber City, Utah","51-200 Employees","Online Review","Big Leap helped a dentistry marketing company gain exposure for their product. They cleaned up the SEO for the company's newly acquired domain, helped plan a content strategy, and executed as expected.","Within a short timeframe, the company saw their top 10 keywords grow in rankings, which generated more traffic and leads. Big Leap delivered monthly reports to keep the internal team updated on their work, and they effectively communicated their impact on key campaign metrics.","The client submitted this review online.","Please describe your company and your position there.","123 Postcards provides marketing for dental practices looking to grow. I lead technology and software development as CTO.","For what projects/services did your company hire Big Leap, and what were your goals?","We were looking to grow and get more customers because we had a solid product that delivered results. We were ready to scale, but we needed more exposure and more customers.","How did you select Big Leap and what were the deciding factors?","We had some SEO cleanup that needed to be done because we purchased an existing domain as a platform for our growth. Big Leap helped plan and execute a content strategy, and we saw our rankings and traffic to our website grow. More leads, more new customers, more growth.","","","Describe the scope of work in detail, including the project steps, key deliverables, and campaigns.","","How many people from the vendor's team worked with you, and what were their positions?","Big Leap proposed a strategy that convinced us they would deliver and be a partner in our growth. Other companies were more interested in closing a deal than really giving us a strategy we felt confident in and could measure the success. That's where Big Leap stands out. Compelling strategies based on expert knowledge that delivered results.","Can you share any measurable outcomes of the project or general feedback about the deliverables?","We worked with an account manager, SEO specialists, and even the CEO of the company.","Describe their project management style, including communication tools and timelines.","We saw our top 10 rankings keywords grow within a short period of time, but more importantly, we saw more traffic and more leads. They definitely met our expectations.","What did you find most impressive or unique about this company?","I communicated with Big Leap team members via phone, email, and Slack. They delivered monthly reports to show us the work they were doing and how it was affecting our key metrics like rankings, traffic, and leads.","Are there any areas for improvement or something they could have done differently?","The expertise. Period. They have the most knowledgeable people when it comes to SEO and digital marketing in general. You can tell it comes from the top down. They are masters of their craft, no question.","","I wouldn't say they were the cheapest bid, but they were the best value. I was happy for the service, but I wouldn't say Big Leap is an economy budget solution.","","","","","5.0","","","","","""Class acts, top to bottom.""","""Expert strategy and great execution""","""Easy.""","""Great value, even if they aren't the cheapest option.""","""I refer all my friends to Big Leap.","","","",""
"SEO Services for E-Commerce MarTech Company","Search Engine Optimization","","$10,000 to $49,999","May 2019 - Nov. 2020","5.0","5.0","5.0","5.0","5.0","""Their leadership team was more involved than other companies that I've seen.""","Feb 10, 2021","VP of Marketing, E-Commerce MarTech Company","Anonymous","Verified","Other industries","Salt Lake City, Utah","51-200 Employees","Online Review","An e-commerce martech company hired Big Leap for their SEO services. The project entailed consultation and execution of keyword and content strategies to drive organic traffic into the company's website.","Big Leap provided regular monthly reports on the company's organic search performance and ranked keywords, which contributed to the growth in their organic traffic. The team was approachable and personable during the engagement. The client appreciates their availability whenever issues arose.","The client submitted this review online.","Please describe your company and your position there.","I was the Vice President of Marketing at Drip, a marketing automation company focused in the e-commerce space.","For what projects/services did your company hire Big Leap, and what were your goals?","We needed help with our organic search strategy, as we were looking to focus on e-commerce specific keywords and content strategies. We needed to grow the number of keywords that we ranked for, as well as organic traffic to the site.","How did you select Big Leap and what were the deciding factors?","They did an in-depth of audit of our current organic search strategies and provided some insights into how we could improve.","","","Describe the scope of work in detail, including the project steps, key deliverables, and campaigns.","","How many people from the vendor's team worked with you, and what were their positions?","We interviewed a few agencies to see who would be the best fit. We chose Big Leap because they have a great reputation here in Utah, and I've worked with them in the past on other projects.","Can you share any measurable outcomes of the project or general feedback about the deliverables?","We had a few folks we worked with on their team, an account manager, SEO specialist, the head of sales, and their CEO.","Describe their project management style, including communication tools and timelines.","I don't recall exact numbers off the top of my head, but they ended up helping us grow our organic traffic month-over-month.","What did you find most impressive or unique about this company?","They provided solid reporting on a monthly basis that provided an overview of how our organic search performance was trending, keywords that we ranked for, as well as a summary of work that had been done with us.","Are there any areas for improvement or something they could have done differently?","Their leadership team was more involved than other companies that I've seen. If there was ever an issue, it was nice to know that I could reach out to their leadership team and have a quick conversation with them. Their leadership team is very approachable and personable.","","Not really.","","","","","5.0","","","","","""I've found it difficult to find SEO agencies that are reputable and actually do what they say.  Big Leap has been one I can trust and count on.""","""Never had any concerns with their quality of work.""","""In our experience we never had any issues hitting deadlines, or scheduling time to connect.  We had a weekly call scheduled with them.""","""For the amount of work they did, their costs seem reasonable.""","""I've referred them to friends of mine and would have no problem doing so again.","","","",""
"SEO Services for Computer Software Company","Search Engine Optimization","","$50,000 to $199,999","May 2012 - May 2016","5.0","5.0","5.0","5.0","5.0","""They were willing to meet and collaborate more often than I had time for, so that was good.""","Feb 8, 2021","Former Online Mktg Manager, Domo","AJ Wilcox","Verified","Other industries","American Fork, Utah","11-50 Employees","Online Review","Big Leap performed consulting services to help a computer software firm to get through their Google penalty. After that, they provided on- and off-page SEO efforts to increase search engine rankings.","The team increased the company's search engine rankings. The client's organic traffic also soared immensely. Big Leap's responsiveness and creativity allowed continuous growth and always seized opportunities to do more. They were highly recommended by the client.","The client submitted this review online.","Please describe your company and your position there.","The company is Domo.com before the IPO. I managed all digital marketing channels.","For what projects/services did your company hire Big Leap, and what were your goals?","We had some unique challenges with our search engine rankings. I had heard great things about Big Leap and brought them in to consult. Bryan Phelps, the CEO, personally came in and provided so much value that I felt like we'd be stupid not to hire Big Leap.","How did you select Big Leap and what were the deciding factors?","Initially, we hired them to consult on how to get us through a Google penalty, but after that, they approached an evergreen strategy for us that included both on-page and off-page SEO. They reported back the rankings changes for the strategic keywords we were going after, as well as reports of the types of links they built.","","","Describe the scope of work in detail, including the project steps, key deliverables, and campaigns.","","How many people from the vendor's team worked with you, and what were their positions?","I had heard great things - their reputation preceded them. I evaluated several vendors and no one talked in more detail and with more authority than Big Leap.","Can you share any measurable outcomes of the project or general feedback about the deliverables?","I worked with the owner, as well as an account manager.","Describe their project management style, including communication tools and timelines.","Big Leap definitely did not disappoint! Each month we saw incredible gains in search engine rankings, and it never slowed down. They more than tripled our already-sizable organic traffic while working together. We never had to feel like we weren't getting the value we paid for. They always overdelivered.","What did you find most impressive or unique about this company?","They were willing to meet and collaborate more often than I had time for, so that was good. They sent regular reports and were very communicative. I was always the bottleneck.","Are there any areas for improvement or something they could have done differently?","They just continued to innovate and didn't slow down pace. With most agencies, at some point it feels like they kinda take their foot off the gas and start to coast. Big Leap continued to push forward and find the next big opportunity.","","No, they were incredible, and I continue to recommend them anytime someone asks about SEO.","","","","","5.0","","","","","""The top SEO company from my experience. I haven't found anyone who holds a candle.""","""Always top notch, and never had any concern about poor quality work.""","""They were super easy to schedule with and were always happy to make time for me.""","""Incredibly fairly priced. They're not cheap, but they're not expensive for what you get.""","""I refer them regularly!","","","",""
"SEO for for 3D Art Company","Search Engine Optimization","","$50,000 to $199,999","Mar. 2020 - Ongoing","5.0","5.0","5.0","5.0","5.0","""Their level of detail and transparency is hugely important.""","Dec 7, 2020","VP of E-Commerce, 3D Art Company","Anonymous","Verified","Other industries","Salt Lake City, Utah","11-50 Employees","Phone Interview","Big Leap assisted a creative art agency with SEO efforts, handling both technical SEO improvements and the implementation of new content. They spearheaded thorough keyword research and a site audit to start.","The team's work has been successful so far, contributing to a 40% increase in organic reach. Critical keywords have risen by about 10 places on search results pages. Their 85-point site audit process made goals and areas for improvement clear from the beginning of the collaboration.","A Clutch analyst personally interviewed this
				client over the phone. Below is an edited
				transcript.","Introduce your business and what you do there.","I’m the VP of e-commerce at a 3D art and avatar creation company.","What challenge were you trying to address with Big Leap?","We’re looking to grow our organic search rankings for specific keywords and improve our site performance for customers.","What was the scope of their involvement?","","","","What is the team composition?","They also did a site analysis, which includes both necessary technical updates and opportunities for improvement on the UX design end. We’ve also asked for their input on how to write more compelling content for customers. Their team is able to provide both strategy and technical implementation.","How did you come to work with Big Leap?","They’re our traditional SEO firm, providing content recommendations based on keyword analysis of the competitive landscape. Through keyword research, they help define where we sit in the market to today before determining a pathway to get us where we want to be in the future.","How much have you invested with them?","","What is the status of this engagement?","","What evidence can you share that demonstrates the impact of the engagement?","","How did Big Leap perform from a project management standpoint?","","What did you find most impressive about them?","","Are there any areas they could improve?","","Do you have any advice for potential customers?","They have a very detailed, metrics-driven approach to SEO, which we really appreciate. Their level of detail and transparency is hugely important.","5.0","I collaborated with a project manager and one specialist on a weekly basis. When we have more content needs, we are then able to utilize the resources we need to meet our goals.","I worked with them in a previous role and was incredibly impressed by their level of organization and the results they provided. Their approach to making SEO accessible to us while making sure their work aligned with our goals stood out.","They’re excellent, keeping up with a weekly communication cadence. They likely follow up with me more than I’m following up with them. It’s clear that they want to move forward as quickly as possible. We’re incredibly impressed with them.","They have a roadmap with organizational detail that I’ve never seen from another firm. Their audit gives 85 points, composed of metadata, the site map, and more. Then, they help us rank each point according to its level of importance and potential for growth. They also tell us how difficult it will be to improve each point.","""They’re excellent.""","""They’re super organized.""","""They’re cost-effective for the value they bring.""","","","We’ve spent more than $50,000 to this point.","We’ve increased our organic rank for target keywords by about 10 places, which is really strong for us. There’s still work to be done, but we’re already seeing dramatic improvements. Overall our organic reach is up by 40%. While there are many contributing factors there, we think their work is beginning to make a meaningful difference at this point.","I can’t think of anything. We rehired them because I liked working with them so much.","We’ve been working with them since March 2020."
"SEO & Content Marketing for Human Resources Firm","Search Engine Optimization","","$10,000 to $49,999","Apr. 2020 - Ongoing","5.0","5.0","5.0","5.0","5.0","""They provide the best value for their cost.""","Nov 3, 2020","Demand Generation Mktg Manager, O.C. Tanner","Talmage Egan","Verified","Other industries","Salt Lake City, Utah","1,001-5,000 Employees","Online Review","Big Leap spearheads the SEO efforts of a human resources firm including link building and web optimization. The team also develops unique content for the client's website.","Since Big Leap took over the company's project, the client has been consistently impressed with their outputs. So far, they have increased the company's organic growth by 15%. They are responsive, skilled, and detailed, which secures the ongoing collaboration.","The client submitted this review online.","Please describe your company and your position there.","O.C. Tanner provides employee recognition and employee engagement software. I lead Demand Generation which includes marketing automation, advertising, website development, and analytics.","For what projects/services did your company hire Big Leap, and what were your goals?","We wanted to grow our organic traffic. We hired big leap to promote our web content through link building and to optimize our website performance. We've already seen a 15% boost in organic traffic since engaging with Big Leap.","How did you select Big Leap and what were the deciding factors?","Website Audit / Technical SEO: Big Leap provided a comprehensive website audit with detailed explanations and action items. We're currently working to fix the issues.","Link Building: Big Leap promotes our existing site content by using it as a source on credible third-party websites.","Content: Big Leap creates original content for our website that is highly optimized for our target audience.","Describe the scope of work in detail, including the project steps, key deliverables, and campaigns.","","How many people from the vendor's team worked with you, and what were their positions?","They are a trusted local name. A few of the major logos in the area use them. We used a competitor for a while but felt like they lacked the technical chops we needed. We switched to Big Leap and found the technical expertise we needed.","Can you share any measurable outcomes of the project or general feedback about the deliverables?","","Describe their project management style, including communication tools and timelines.","","What did you find most impressive or unique about this company?","","Are there any areas for improvement or something they could have done differently?","","","","","","","","5.0","I primarily interact with the VP of Sales, Digital Marketing Manager / Account Manager, and a Director of Digital Marketing.","Their deliverables are well thought out and comprehensive. Their work has contributed to a 15% organic growth this year.","","","","","","","","Big Leap provides consistent monthly reports along with specific project documents when needed.","Any hang-ups we've had have been on the client-side.","","They provide the best value for their cost. I feel like I get the service and expertise of a Silicon Valley or NYC firm."
"SEO & PPC for Automotive Company","Pay Per Click","Search Engine Optimization","Less than $10,000","July 2019 - Ongoing","5.0","5.0","5.0","5.0","5.0","""Dustin makes an effort to get to know you and makes sure that he prioritizes your company's goals.""","Oct 27, 2020","Digital Marketing Manager, Automotive Company","Anonymous","Verified","Automotive","Roswell, Georgia","51-200 Employees","Online Review","Big Leap provides SEO and PPC services for an automotive company to help with its website rankings and increase its traffic and leads.","Big Leap was able to lead a solid SEO and PPC service, improving the client's pages to help them rank for the 1st page on relevant keywords. The team utilized email for communication. They conducted a monthly conference calls to discuss progress reports and strategies.","The client submitted this review online.","Please describe your company and your position there.","I am the marketing coordinator for an automotive company.","For what projects/services did your company hire Big Leap, and what were your goals?","We hired Big Leap to increase our websites rankings and grow traffic to our site to increase webleads.","How did you select Big Leap and what were the deciding factors?","They do keyword research for us and delve into optimizing every page on our website. They also pointed out key areas for improvement with comparison pages and they keep our blog fresh with ongoing content important to automotive customers looking to buy a car or service their car.","","","Describe the scope of work in detail, including the project steps, key deliverables, and campaigns.","","How many people from the vendor's team worked with you, and what were their positions?","We selected Big Leap based on recommendation. After interviewing them, reviewing their action plan and pricing we felt they were a good fit.","Can you share any measurable outcomes of the project or general feedback about the deliverables?","I have dealt with Dustin Gallagher who manages our account. He is the point of contact for me with Big Leap and he coordinates with their team to accomplish our goals.","Describe their project management style, including communication tools and timelines.","They are constantly improving our page and this often results in keywords improving their rankings to the 1st page of Google.","What did you find most impressive or unique about this company?","Primary communication method via email to send over new content for approval and timelines. Monthly conference call to discuss prior month progress and next months strategy.","Are there any areas for improvement or something they could have done differently?","Dustin has been very great to work with. Dustin makes an effort to get to know you and makes sure that he prioritizes your company's goals.","","Nothing I can think of.","","","","","5.0","","","","","","","","","","","","",""
"SEO & PPC for Collision Repair Company","Search Engine Optimization","","Confidential","Jan. 2016 - Ongoing","5.0","5.0","5.0","5.0","5.0","""They have a plan created for us every month, which makes us feel like our company is in constant team discussions.""","Sep 25, 2020","Business Development Director, Cascade Collision Repair","Cascade Collision","Verified","Automotive","Orem, Utah","51-200 Employees","Online Review","Big Leap provides ongoing SEO for a collision repair company. The team is responsible for optimizing, auditing, and managing the site. They are also in charge of plugin implementation and content writing.","Big Leap provides effective SEO efforts that lead to an increase in the number of keywords ranking on the first page. The team managed to turn the client's online presence around. They are great at managing projects and deadlines. Their communication","The client submitted this review online.","Please describe your company and your position there.","I am the Business Development Director for a locally owned and operated MSO Collision Repair company.","For what projects/services did your company hire Big Leap, and what were your goals?","We hired them to boost it SEO score and optimise our website. They fully update and control our website.","How did you select Big Leap and what were the deciding factors?","Monthly site audits, site management, reporting, 2 written blog posts, site plug in implementation, site score. They literally run our website for me and report back monthly. We have a phone conversation where we discuss future projects and ideas.","","","Describe the scope of work in detail, including the project steps, key deliverables, and campaigns.","","How many people from the vendor's team worked with you, and what were their positions?","We took a leap of faith on a referral from a marketing company we were working with at the time.","Can you share any measurable outcomes of the project or general feedback about the deliverables?","One. I have an account manager that works between me and his team.","Describe their project management style, including communication tools and timelines.","Since working with Big Leap we have gone from non existent on page 1 to ranking in many keywords on the 1st page. They've completely turned our online presence around.","What did you find most impressive or unique about this company?","They've been great at managing our projects and deadlines. We work through email, phone calls, and video chats.","Are there any areas for improvement or something they could have done differently?","I never have to lift a finger. Everything has always ran very smooth. They have a plan created for us every month, which makes us feel like our company is in constant team discussions. All of the content they create is taylor fitted to my industry.","","Nothing. They stepped it up during the Covid -19 crisis to ensure I had all the tools I needed to keep our essential business running. I felt very supported in my time of need.","","","","","5.0","","","","","""5 easily""","""They always have a plan""","""Always available""","""We feel like we have a killer deal""","""I refer them to everyone","","","",""
"SEO for Moving Company","Search Engine Optimization","","$50,000 to $199,999","Nov. 2019 - Ongoing","4.5","4.5","4.0","4.0","5.0","“The meetings have been great for communication. We’ve really been able to stay on the same page.”","Sep 18, 2020","Marketing Manager, Colonial Van Lines","Leah Deniz","Verified","Other industries","Pompano Beach, Florida","51-200 Employees","Phone Interview","Big Leap handles SEO for a moving company. On the technical side, they improved site speed and removed errors. They also manage a backlinking strategy and content calendar that feature valuable keywords.","Six months into the project, and Big Leap has surpassed project goals. Compared to last year, organic qualified leads are up considerably. The team met weekly, which facilitated strong cross-team communication. They’re responsive and are able to solve problems creatively.","A Clutch analyst personally interviewed this
				client over the phone. Below is an edited
				transcript.","Introduce your business and what you do there.","I’m the digital marketing manager for Colonial Van Lines. We’re a long-distance moving company. We move people, customers, and businesses over state lines.","What challenge were you trying to address with Big Leap?","Big Leap is helping out with SEO. We were trying to get more leads from our website.","What was the scope of their involvement?","They Ahrefs in order to monitor the errors on our site. They have their dashboard that generates reports that they send to us on a regular basis.","","","What is the team composition?","Some of our new strategies include going back and looking at our keywords. We currently rank on page two of Google’s listings. Big Leap is helping us push those keywords to get us on page one. They’re digging deep in order to customize our website and improve our rankings.","How did you come to work with Big Leap?","They manage all the technical SEO aspects of our website. They help us with our listings, creating backlinks, and manage our content creation calendar. They have a number of different strategies in place. In the beginning, they really focused on the technical side of our website and made a lot of improvements to make us more searchable for Google. For example, they increased our speed and got rid of any errors on the site. They still help with that on a regular basis, but it has really evolved and we’re doing things to build our momentum.","How much have you invested with them?","We work with about three people on a regular basis.","What is the status of this engagement?","We work with one of their partner companies for PPC and they recommended Big Leap. They used to be competitors but now they work together nicely because they specialize in different things. I did a lot of research and Big Leap had a lot of good reviews. It seemed like they had a lot of success with their customers. They also did a presentation for us and talked about how they could change our site in order to help us grow in rankings.","What evidence can you share that demonstrates the impact of the engagement?","","How did Big Leap perform from a project management standpoint?","","What did you find most impressive about them?","","Are there any areas they could improve?","At the beginning, it was a little rough because SEO takes about six months to really see major results. We were thinking about finding another partner at the beginning of the COVID-19 pandemic, but it was rough for everybody around then. Since we started in November, and March was where we expected to see a return on our investment, we were concerned when the pandemic hit. I talked to Big Leap about it, and we tried to come up with some strategies to help us succeed and grow, and we did.","Do you have any advice for potential customers?","","4.5","","","The two key metrics we use to track success is the amount of organic traffic to our website and the number of organic qualified leads we receive through our website.","Starting in March, we met our goal of beating last year’s numbers. We’ve truly grown. For example, I just sent them the lead report for September 2020 and from the September 10th–16th, we received 123 organic leads. In the same week in 2019, we received 73 leads.","","","","","","Some of the other companies I talked to said they could do some things in theory, but they didn’t demonstrate what they were going to do to help us improve.","We started working together in November 2019 and it’s ongoing.","That’s not the only way I can talk to them either; we send emails back and forth and they’re very responsive too.","We spend about $5,000 per month with them (approximately $55,0000 in total)."
"SEO Services for Notary Association","Content Marketing","Search Engine Optimization","$10,000 to $49,999","Dec. 2019 - Ongoing","5.0","5.0","5.0","5.0","5.0","“The communication, transparency, and knowledge of Google and SEO set them apart.”","Aug 11, 2020","President & Owner, Florida Notary Association","Jan Gullikson","Verified","Arts, entertainment & music","Orlando, Florida","51-200 Employees","Phone Interview","Bip Leap came on board to help a notary association improve their site’s ranking. They keep a Google My Business page and other local postings up to date, write content pieces, and perform keyword research.","Big Leap’s efforts have dramatically increased keyword rankings, traffic from web searches, and phone calls. They meet monthly goals and provide the client with frequent updates, demonstrating excellent project management capabilities. Their SEO expertise distinguishes them from other providers.","A Clutch analyst personally interviewed this
				client over the phone. Below is an edited
				transcript.","Introduce your business and what you do there.","I’m the president and owner of the Florida Notary Association. We process notary appointments for the state of Florida. We also provide some of the supplies that people need to become a notary.","What challenge were you trying to address with Big Leap?","We were trying to increase our rankings for SEO.","What was the scope of their involvement?","We just work with one person, but I think she has other people on her team that she relies on for different things.","","","What is the team composition?","","How much have you invested with them?","They write some content pieces for us, and they also make sure that our Google business page and all of our local postings are up to date. They’re always working on keywords and making us more of an authority in Google’s eyes for our industry. They use Google Analytics.","What is the status of this engagement?","We’ve spent about $20,000.","What evidence can you share that demonstrates the impact of the engagement?","Our work together began in December 2019, and it’s ongoing.","How did Big Leap perform from a project management standpoint?","Our rankings on Google pages for different keywords have increased dramatically, as have the number of phone calls we’re getting. Also, the number of web searches that lead to people landing on our website have increased. Every month, it seems like they’re meeting their metrics and goals.","What did you find most impressive about them?","They’ve been great. They’re always scheduling meetings, keeping me in the loop, and reaching out. We communicate over email.","Are there any areas they could improve?","The communication, transparency, and knowledge of Google and SEO sets them apart.","Any advice for potential customers?","I can’t think of anything.","","I would just say to give them a try. It’s a bit harder to gauge performance with SEO, and it takes a while to turn the ship around, so I’d recommend being patient. It will eventually pay off, but you can’t expect it to pay off in one month.","5.0","","","","","","","","","","","","",""
"SEO Optimization for Staffing & Recruiting Firm","Search Engine Optimization","","$10,000 to $49,999","Dec. 2019 - Ongoing","1.0","1.0","3.0","0.5","0.5","""They have timelines they make and give you for deliverables but they do not hit their own timelines.""","Jul 28, 2020","COO, Staffing & Recruiting Firm","Alex Pantich","Verified","Other industries","Cincinnati, Ohio","1,001-5,000 Employees","Online Review","Big Leap crafted keyword lists for the company. They were hired for backlinking, content creation, SEO optimization, website optimization, and keyword selection.","Out of all the tasks, Big Leap only finished the keyword lists despite being paid for about three months worth of work. They can improve on their communication, staffing, and timeliness.","The client submitted this review online.","Please describe your company and your position there.","We are a staffing firm and I head up our marketing efforts.","For what projects/services did your company hire Big Leap, and what were your goals?","We hired Big Leap to optimize our SEO. Our goal was to get the site set up to show up in more keywords and to drive more traffic from potential workers and clients.","How did you select this vendor and what were the deciding factors?","They were tasked to do backlinking, content creation, website optimization, keyword selection, and optimization.","","","Describe the scope of work in detail, including the project steps, key deliverables, and campaigns.","","How many people from the vendor's team worked with you, and what were their positions?","We did a google search for SEO agencies.","Can you share any measurable outcomes of the project or general feedback about the deliverables?","They had two account managers but later on, the other one was fired from the project. And they also had one customer success supervisor.","Describe their project management style, including communication tools and timeliness.","We have had very little outcome so far. They created some keyword lists and they did make one type of page for us but that was about it for three months of work. This has been very frustrating as we've had to pay them to deliver nothing.","What did you find most impressive or unique about this company?","They have timelines they make and give you for deliverables but they do not hit their own timelines. I had to keep following up with them asking for deliverables.","Are there any areas for improvement or something they could have done differently?","Their sales process and the SEO they do for themselves. They rank very highly in search and have a bunch of great reviews which I assume they have given themselves. This plus a sales process that makes them seem like they really know what they are doing got me hooked in.","","Communication, hitting deadlines, hiring, and training staff, providing ROI to their clients can all be improved.","","","","","1.0","","","","","","""Very little work and mostly low quality""","""Our first account manager missed every deadline. The second was better but onlyafter I dug in.""","""Overpriced for ROI""","","","","",""
"SEO, Web Design & Content Services for Construction Company","Search Engine Optimization","Web Design","$50,000 to $199,999","Aug. 2019 - Ongoing","5.0","5.0","5.0","5.0","5.0","“We’re dominating our competition, and it’s entirely because of Big Leap’s efforts.”","Jun 15, 2020","Co-Founder & CFO, Construction Company","Matthew M.","Verified","Other industries","Indiana, United States","1-10 Employees","Phone Interview","Big Leap does SEO for a construction company. They proposed a keyword set, which they modify every month. Other services include website design and coding, blog posting, backlinking, and web hosting.","In less than a year, Big Leap’s work has secured page one rankings for nearly all relevant verticals and keywords. They've also helped to generate leads. The thorough industry deep dive they did added value to the engagement. The team provides monthly reports and remains responsive.","A Clutch analyst personally interviewed this
				client over the phone. Below is an edited
				transcript.","Introduce your business and what you do there.","I’m the CFO and half-owner of a full-scale construction company. We do exterior and interior modeling, house building, and everything in between.","What challenge were you trying to address with Big Leap?","We had three other companies try to do SEO for us in the past, but they were all very bad. We put a ton of money into those engagements but never climbed the page or saw any keyword improvements.","What was the scope of their involvement?","They continue to do design changes and coding on the site. They work on Google and Bing for us, and they always keep our Google My Business page up to date. They host our site through a third-party.","","","What is the team composition?","They improved the entire site’s backend for a few months by working on the site speed, design, and coding. They’ve created H1s, title tags, meta descriptions, banners, ads, and copy. The team does blog posting and backlinking. They managed social media posting and engagement for us, but we stopped doing that after nine months because there isn’t much value to it in our industry.","How did you come to work with Big Leap?","Big Leap manages all of the SEO for our website. They began by doing a huge deep dive into our industry, although they seemed to be pretty educated about it already. They did research and then sat down with us to discuss what generates money for us and what keywords we were looking for. We helped them develop a keyword set, and we tailor that each month.","How much have you invested with them?","Our main point of contact is Cassara (Digital Marketing Manager), and she’s the only person I’ve spoken to the entire time.","What is the status of this engagement?","By looking at Clutch and other review sites, we were introduced to Big Leap. Our other marketing company, Disruptive Advertising, also referred them.","What evidence can you share that demonstrates the impact of the engagement?","Their management fee for the first nine months, when they were doing both social media engagement and SEO, was $5,000 a month. Now that they’re just doing SEO, we spend about $4,000 a month.","How did Big Leap perform from a project management standpoint?","Our work together began in August 2019, and it’s ongoing.","What did you find most impressive about them?","It’s a long set up process in the beginning, but with it comes a lot of benefits. Keyword improvements have been the number one thing we’ve looked at. They only track keywords if they get us on the first page. Outside of rankings, leads generated from them has gone up significantly; we had almost no results from our other three companies.","Are there any areas they could improve?","They send monthly reports for us to review, and they go through every single keyword we rank. The reports track our progress since our relationship began. We also have monthly calls for 30 minutes to an hour to go over everything. They’re super responsive. If we need something changed, such as updating the copy or moving an ad, they have a whole department that handles that. I send Cassara an email, and it’s usually done within 1–2 days.","Any advice for potential customers?","Over almost three years with three other companies, we saw zero keyword improvements, and we generated almost no organic leads from our website. In the time we’ve been with Big Leap, we’ve had 4,000–5,000 keyword rank improvements. Within one year, we’ve become number one on the first page for almost every single vertical and keyword that we advertise for. There is probably a handful that we’re not page one for, but we’re dominating our competition, and it’s entirely because of Big Leap’s efforts.","5.0","","","","","","","","","","","","I think it’s really expensive, but it’s harder to measure the value of something like this. Since commercial intent of PPC is so good, you’re directly driving traffic that is probably going to covert. It’s harder to measure the value of SEO because people might just be perusing for organic leads and not be converting as often. I think SEO services in general tend to be pricey across the board. I wish it was cheaper, but I realize the value that they bring, and I think it’s been very good.",""
"SEO Services & Content for Automotive Company","Other Digital Marketing","","$50,000 to $199,999","June 2017 - Apr. 2019","5.0","5.0","5.0","5.0","5.0","""Big Leap helped us drastically increase organic traffic.""","May 11, 2020","Operations Manager, Wade Automotive Products","Anonymous","Verified","Advertising & marketing","Salt Lake City, Utah","11-50 Employees","Online Review","Big Leap provided SEO improvements and content services. They performed a site audit and also moved a site from Magento to Shopify.","Big Leap successfully increased traffic. Their team ranked on specific keywords. The weekly meetings and knowledgeable approach were very effective. They were very good.","The client submitted this review online.","Please describe your company and your position there.","I am the Operations Manager with direct over site of all online sales initiatives and marketing.","For what projects/services did your company hire Big Leap?","Big Leap was our partner for SEO, Content, and Marketing Automation.","What were your goals for this project?","We had been with a different agency previously who we felt were no longer providing value. We went with Big Leap because we felt they could really get us to the next level.","","","How did you select this vendor?","","Describe the scope of their work in detail.","We wanted to increase our traffic to the web site and drive new revenue.","What was the team composition?","They provided a detailed site audit with recommendations and improvements. They migrated our site from Magento over to Shopify. They provided ongoing search engine optimization, and managed our MailChimp account creating abandoned cart, and nurture campaigns.","Can you share any outcomes from the project that demonstrate progress or success?","We worked with an Account Executive, an Account Manager with the Account Managers Director being involved in about 50% of our meetings.","How effective was the workflow between your team and theirs?","Big Leap helped us drastically increase organic traffic to our web site. They specifically got us ranking for the term ""Wind Deflectors"" which brought a lot of great traffic with the purchase intent we were looking for.","What did you find most impressive about this company?","Great, we had weekly meetings with email correspondence in-between.","Are there any areas for improvement?","We knew they were a proven agency and they lived up to the reputation. We understood that SEO takes time to work, but we had total confidence out the gate with the way they broke things down and explained them. We love their holistic approach and the fact that they really took the time to earn our trust.","","We didn't know they offered anything other than SEO until working together for over a year.","","","5.0","","","","","""Phenomenal team.""","""They send over deliverables in a way that's easily understood.""","""Always available when needed with regularly recurring meetings.""","""We never felt like they price gouged us and quoted based on the competitive landscape.""","""I already have!","","","",""
"Organic SEO for Entrepreneurship Management Consultancy","Search Engine Optimization","","$50,000 to $199,999","Apr. 2018 - Ongoing","5.0","5.0","5.0","5.0","5.0","""They believe in what they're doing and the way they're doing it.""","Mar 7, 2020","CEO & Founder, Formyl","David Oldham","Verified","Other industries","Salt Lake City, Utah","1-10 Employees","Online Review","Big Leap was tasked with managing digital marketing and organic SEO strategy for third-party clients. The team provides ongoing support around website optimization, online presence, and conversion strategy.","Big Leap's strategies have helped to improve organic search rankings, conversion rates, and online presence. Additionally, the team's commitment to and passion for success has allowed them to create top-class content with a consistent message. They continue to be a motivated, communicative partner.","The client submitted this review online.","Please describe your company and your position there.","I am the CEO and founder of Formyl. I work with great leaders to help them navigate the challenges of entrepreneurship as successfully as possible.","For what projects/services did your company hire Big Leap?","Big Leap has helped many of my clients and some companies I've invested in with their digital marketing strategy, their organic search presence, optimizing their websites, improving their online reputations, and converting visitors into online buyers.","What were your goals for this project?","I met a few of the leadership team at a business networking event and we immediately connected over several topics. I did some homework on their website, met with them several more times in person and we decided to work together.","","","How did you select this vendor?","","Describe the project in detail.","Increased visibility and improved conversion rates for digital properties.","What was the team composition?","Many of the digital agencies I've worked with in the past would do a bunch for us in the beginning but after several months it would feel like things were on ""cruise control"" and not progressing.","Can you share any outcomes from the project that demonstrate progress or success?","Big Leap has helped many of my clients get sustainable results from their organic digital marketing efforts, and continues to impress with their ability to constantly innovate how they do it.","How effective was the workflow between your team and theirs?","I've worked directly with Bryan, the CEO, as well as Dan, their head of Sales, and various other members of their teams. When needed, they bring as many of their talented specialists in to help us get the best results in different areas of our marketing.","What did you find most impressive about this company?","Improved positioning in organic search results, higher conversion rates from our website, improved online reputation and a more consistent and higher quality content plan than anything we could have done on our own.","Are there any areas for improvement?","Fantastic. They are very proactive in their outreach, they provide clear reporting and timelines for improvement and are very helpful.","","The people. They believe in what they're doing and the way they're doing it and are passionately committed to helping us be successful.","","SEO is definitely their core strength but they are growing and investing in their other services and are getting better in other areas of digital marketing.","5.0","","I wanted to work with an agency, and a team of people, that were as passionate about my success and my goals as I was, and who would keep working and improving and updating the strategies and tactics.","","","""One of the best digital marketing agencies I've ever worked with.""","""They care about what they do and always do great work.""","""They make us feel like a priority and our schedules are more important than theirs.""","""They are not the cheapest option but not the most expensive either. They provide great value for what they charge.""","""I have referred many and will continue to do so.","","","",""
"SEO for Retail Home Goods Marketplace","Search Engine Optimization","","$10,000,000 +","Feb. 2019 - Feb. 2020","5.0","5.0","5.0","5.0","5.0","""The team did a great job handling our changes at any time in stride.""","Jan 21, 2020","Director of Web Operations, eLuxury","Tarron Acuff","Verified","Retail","Evansville, Indiana","51-200 Employees","Online Review","Big Leap provided SEO services for a retail marketplace. The team was also responsible for creating and posting content in the form of blog posts.","The engagement led to an increase in rankings and a 10% growth in organic traffic. Big Leap establishes a seamless workflow, communicating consistently and effectively and responding in a timely manner. The team is personable, hard-working, and knowledgeable.","The client submitted this review online.","Please describe your company and your position there.","I am the Director of Web Operations for a retail eCommerce company in the home & kitchen sector.","For what projects/services did your company hire Big Leap?","We hired Big Leap to be an extension of our team and to continue SEO on the website.","What were your goals for this project?","After interviewing several agencies we decided they best fit what we were looking for from their past experience in our industry.","","","How did you select this vendor?","","Describe the project in detail.","We wanted to improve rankings for existing search terms as well as new terms.","What was the team composition?","We started off helping them get familiar with our brand and SEO goals. Along with SEO services, the team assisted with content creation through blog posts.","Can you share any outcomes from the project that demonstrate progress or success?","We had a team of 4. Team lead was Ryan, and our main contact was Whitney/Taylor.","How effective was the workflow between your team and theirs?","Our rankings steadily increased even after the major updates that Google pushed out in 2019. Our organic traffic improved 10% from 2018 > 2019 in such a competitive space we are in.","What did you find most impressive about this company?","The team has always been well prepared and the communication is excellent. They respond in a timely manner via email or about to jump on a phone call if needed. We used zoom for conference calls to review reports, discuss strategy, etc.","Are there any areas for improvement?","The team did a great job handling our changes at any time in stride. They even stepped out of their responsibility at times to help us in other areas not related to SEO.","","I believe this will be different for each client they work with, but for us I could not ask for much more. Hopefully, I will get to work with them again in the future.","","","5.0","","","","","","","","","","","","",""
"Digital Mktg. for Identity Protection Firm","Other Digital Marketing","","$50,000 to $199,999","Jan. 2019 - Ongoing","5.0","5.0","5.0","4.5","5.0","""They know their stuff, and the results have been amazing.""","Jan 17, 2020","Web Content & Mktg. Team Member, Venafi","Katrina Dobieski","Verified","Information technology","Salt Lake City, Utah","201-500 Employees","Online Review","Big Leap provides digital marketing strategy and implementation for an identity protection solutions firm.","Thanks to Big Leap, the client has experienced remarkable growth in terms of traffic and keyword rankings. The team's proactive, flexible approach has made for a fruitful engagement. Customers can expect a partner that is detailed-oriented and delivers excellent work.","The client submitted this review online.","Please describe your company and your position there.","Venafi is a leading cybersecurity company that specializes in machine identity protection solutions for the Global 5000. I share responsibilities on the Digital Marketing and Web team, and have worked with Big Leap for over a year.","For what projects/services did your company hire Big Leap?","Big Leap was brought on to help us increase engagement and traffic to our site, which had gone through a few massive changes, structural and otherwise. We were in a recovery zone, and needed to get back to par - and above.","What were your goals for this project?","We did some shopping, and decided Big Leap seemed a concrete bet for our investment. We honestly didn't know a lot about them when we started, but in the selection process, they distinguished themselves.","","","How did you select this vendor?","","Describe the project in detail.","We wanted to show healthy growth in website traffic, and begin to rank for articles within our industry.","What was the team composition?","They are aggressive in their attack, constantly refining their strategy and giving us new ideas.","Can you share any outcomes from the project that demonstrate progress or success?","We had a Project Manager and a separate team leader for more specific inquiries like SEO. Later, the team evolved to include a YouTube expert when the need required it.","How effective was the workflow between your team and theirs?","We have consistently seen astronomical figures in our improvement rates. Organic traffic growth has increased by nearly double in the past year, and we continue to increase in rank for targeted keywords, topics and conversions based on strategic direction from Big Leap. They know their stuff, and the results have been amazing.","What did you find most impressive about this company?","The workflow was seamless, so long as we could keep up with them. There was no lack of initiative - we really felt as if they were just off-site branches of our team, as committed, or more, to our goals as we were.","Are there any areas for improvement?","Big Leap's diligence, specificity and granularity towards our goals blew me away. We often have 45 minute meetings packed full of relevant metrics that they have consistently over-achieved on. We have had to readjust our goals on our side because they were making us look so good - the amount of growth was unreal, and they really zeroed in to some untapped potential.","","Nope. Just making sure we can keep up with them and keep a clear line to objectives, responsibilities and next steps. The only thing we need help with is organizing all their good suggestions so we can implement, and accomplish out game plan by next time! They are great.","","","5.0","","","","","","""Excellent. They know and are proud of every data point.""","""Dependable, but flexible and human.""","""Worth every penny.""","","","","",""
"SEO Partnership with PPC & Web Dev Agency","Pay Per Click","Search Engine Optimization","Less than $10,000","Sep. 2019 - Ongoing","5.0","4.5","5.0","4.5","5.0","""I find them to be good stewards, not just good vendors.""","Dec 31, 2019","Owner, Develop Bright","Anonymous","Verified","Advertising & marketing","Salt Lake City, Utah","1-10 Employees","Online Review","Big Leap was hired as an SEO partner for a web development & PPC agency. Along with providing SEO services, the team assisted with content creation through blog posts.","Big Leap's approach is well-executed. Their collaborative approach complemented their professional management style. Their responsiveness is also noteworthy.","The client submitted this review online.","Please describe your company and your position there.","Develop Bright is a website development and PPC agency. We host, manage, and maintain a number of clients that span industry. I'm a Co-Founder and Owner.","For what projects/services did your company hire Big Leap?","Big Leap assists with our overflow SEO work and Content Creation (blogs).","What were your goals for this project?","We met Big Leap through another partner and did our research. Big Leap and Develop Bright met a few times and they ultimately beat out about 5 other companies.","","","How did you select this vendor?","","Describe the project in detail.","The goal was simple; to find a strategic SEO partner so we could focus on what we do best while still giving some of our customers the option of a more defined SEO approach.","What was the team composition?","Big Leap is who we leverage for our overflow of SEO. Because we have such expertise in PPC and Websites, we made a conscious decision to focus on these aspects. As such it was pivotal we find someone familiar with SEO that would enable our customers for growth; Big Leap has been that partner.","Can you share any outcomes from the project that demonstrate progress or success?","","How effective was the workflow between your team and theirs?","","What did you find most impressive about this company?","","Are there any areas for improvement?","","","","","","5.0","","Before recommending them to our customers, we wanted to see their skill. For this reason we've been having Big Leap perform SEO for us for the last couple of months, and as someone with deep experience in the marketing world I can tell already that they know what they're doing.","I find them to be good stewards, not just good vendors. We've already had people reach out to us because Big Leap takes care of their own. Just through conversation they continue to keep us in mind, as well as their other customers, to see how we can all help their great big ecosystem.","None come to mind at this point in time.","""Great company. Great culture. Great service.""","""They've been very organized and easy to work with.""","""Always responsive and willing to schedule time as it works for us.""","""Cost-effective for the work they do. Great ROI potential for any brand.""","""We consistently recommend Big Leap when we're not able to take on what's at hand.","They've had about 4 people involved the majority of the time, with our main contacts being Dustin and Matt.","Their team has been super collaborative, with weekly calls and emails. We use Zoom, phone calls and email to engage back and forth. Both of our contacts are absolute rockstars. Their leadership is always willing to talk and they've been very responsive to concerns.","","Their approach is what has mostly been a success metric so far. It's early for us to be ranking to where we'd like to be, but the plan they've laid out has been great and they've executed it exactly as they said they would."
"SEO & Web Dev for Law Firm","Search Engine Optimization","","$50,000 to $199,999","May 2013 - Ongoing","5.0","5.0","5.0","5.0","5.0","“They told us when we should expect results, and they delivered ahead of that timeline.”","Dec 30, 2019","Managing Partner, Law Office of Eric Harron","Eric Harron","Verified","Legal","Austin, Texas","Phone Interview","","Big Leap developed a website and provided SEO services for a law firm. Based on the project’s initial success, they’ve developed an ongoing and long-term partnership.","The site’s Google rank has improved substantially. Big Leap is a reliable partner who has managed the project well over many years. Their team always delivers on time and is accessible via phone or email.","A Clutch analyst personally interviewed this
				client over the phone. Below is an edited
				transcript.","Introduce your business and what you do there.","I’m the managing partner of a small law firm.","What challenge were you trying to address with Big Leap?","We wanted to bring in more criminal defense clients.","What was the scope of their involvement?","For this project, I worked with two people, but over the years, I’ve worked with many others.","","","What is the team composition?","","How did you come to work with Big Leap?","They helped us exclusively through SEO and website development. So basically, we had an existing Web site that was good as a secondary source, but no one is finding us organically. Big Leap helped us restructure to attract more clients. I’ve since been a customer of theirs for many years.","How much have you invested with them?","I was Googling other businesses that were having positive results, but they weren’t competitors of mine because they’re based in other cities. When I found some people that were ranked high, I was able to convince them to tell me who they were using and they were using Big Leap.","What is the status of this engagement?","We’ve spent $197,000.","What evidence can you share that demonstrates the impact of the engagement?","We started working with them in May 2013 and have continued to work with them since.","How did Big Leap perform from a project management standpoint?","Our rankings on Google have substantially improved. Of course, this fluctuates as Google changes its algorithm. We’ve been with Big Leap for a long time and they deliver results.","What did you find most impressive about them?","They’ve performed well. Like any long-term relationship, there have been a few hiccups, but they’ve always resolved issues in a timely fashion. They told us when we should expect results, and they delivered ahead of that timeline.","Are there any areas they could improve?","","Do you have any advice for potential customers?","","5.0","","","We communicate via email and phone. We have a conference call about once a month and email between meetings.","They deliver great results.","","","","","","","","",""
"Strategic Partnership with Digital Marketing Agency","Digital Strategy","","$10,000 to $49,999","Jan. 2014 - Ongoing","4.5","4.0","5.0","4.0","5.0","“They deliver high-quality content that performs.”","Dec 19, 2019","CEO, Digital Marketing Agency","Anonymous","Verified","Advertising & marketing","Phoenix, Arizona","11-50 Employees","Phone Interview","Big Leap serves as a collaborative and strategic partner to a digital marketing agency. Services include execution work for clients, content creation and copywriting, and onsite SEO.","Big Leap’s content has accomplished month-over-month increases, with skyscraper content achieving a position 0 ranking in the Google answer box section. The team demonstrates strong project and account management capabilities through effective systems and processes. They communicate well.","A Clutch analyst personally interviewed this
				client over the phone. Below is an edited
				transcript.","Introduce your business and what you do there.","I’m the CEO of a digital marketing agency.","What challenge were you trying to address with Big Leap?","We wanted a collaborative and strategic partnership.","What was the scope of their involvement?","We’ve worked with four people, mostly Cassara (Digital Marketing Manager, Big Leap) and Rachel (Digital Marketing Director, Big Leap).","","","What is the team composition?","","How did you come to work with Big Leap?","Big Leap does some of the execution work for our clients. They provide content and copywriting services, and they do onsite SEO.","How much have you invested with them?","We’ve worked with them for a long time. We started our partnership again last year.","What is the status of this engagement?","Since we began working together last year, my company has spent $10,000–$25,000.","What evidence can you share that demonstrates the impact of the engagement?","We worked with them for the first time in 2014, and then again in December 2018.","How did Big Leap perform from a project management standpoint?","They deliver high-quality content that performs. We continue to see month-over-month increases for all content creation. They’ve delivered skyscraper content that has performed well and gotten us in Google’s answer box section.","What did you find most impressive about them?","From a project management perspective, they’re getting the work done. Communication and strategy planning is good. They have their systems and processes built out, and their deliverables are high-quality. We typically communicate via phone and email.","Any advice for potential customers?","I’ve been impressed by how performance-focused they are. They also have a strong approach to digital marketing and communicate well.","","Ask to meet your account manager so that you have a feel for their communication style and overall approach. Their account management is strong.","4.5","","","","","","","","","","","","",""
"SEO, PPC & SMM for Leadership Training & Consulting Firm","Pay Per Click","Search Engine Optimization","$50,000 to $199,999","June 2017 - Ongoing","5.0","5.0","5.0","4.5","5.0","""Big Leap focuses on the customer.""","Dec 16, 2019","VP of Sales & Marketing, Leadership Consulting Firm","Anonymous","Verified","Other industries","Sandy, Utah","51-200 Employees","Phone Interview","The team at Big Leap performs digital marketing services for a leadership firm through SEO, social media, and PPC.","Big Leap meets expectations. Their customer service approach complemented their professional management style. Their adaptability is also noteworthy. Customers can expect open and seamless communication with their team.","A Clutch analyst personally interviewed this
				client over the phone. Below is an edited
				transcript.","Introduce your business and what you do there.","I’m the VP of sales and marketing at a leadership training & consulting firm that offers business training programs and learning & development solutions.","What challenge were you trying to address with Big Leap?","We were looking for a provider to help with our online marketing through social media, SEO, and internal content. We hired Big Leap to make our content more digestible, appealing, and engaging from a web perspective.","What was the scope of their involvement?","Shemmah (Digital Marketing Manager, Big Leap) is our project manager.","","","What is the team composition?","","How did you come to work with Big Leap?","Right now, the team at Big Leap is focusing on our SEO through keyword strategy. We’ve previously done PPC and social media marketing with them. They worked on LinkedIn, Facebook, and the overall social shareability of resources.","How much have you invested with them?","They were a reference from a colleague that worked in their space. I reached out to Big Leap and expressed interest in their services.","What is the status of this engagement?","We’ve invested between $50,000–$250,000.","What evidence can you share that demonstrates the impact of the engagement?","Our engagement with Big Leap started in June 2017.","How did Big Leap perform from a project management standpoint?","Their team is easy to work with. They’re excellent at communicating while remaining thorough in their work. Big Leap focuses on the customer. Their account management team has excellent customer-centricity.","What did you find most impressive about them?","For communication, we primarily use email and phone calls. They’ve given us access to other project management tools, and we’ve used tools like Basecamp, which we’ve put them onto. We’ve worked across multiple platforms.","Are there any areas they could improve?","In their working environment, they’ve adapted more than other providers we’ve worked with. Their team strives to stay updated in a highly-changing industry.","Do you have any advice for potential customers?","No, not at this point.","5.0","","","","","","","","","","","","Communicate your desires and objectives with the project management team. Make sure Big Leap outlined your plan effectively. I believe that their organization does that already, but my overall advice would be communicating your objectives and desired outcomes.",""
"SEO for Pest Control Company","Search Engine Optimization","","$10,000 to $49,999","June 2019 - Ongoing","5.0","5.0","5.0","5.0","5.0","""They understand our industry and so they know what is best for our company.""","Dec 9, 2019","Director of Marketing, American Pest Control","Kathryn Haggerty","Verified","Business services","Hanna City, Illinois","51-200 Employees","Online Review","Big Leap provided SEO services for a pest control company. This included an audit of the company website, keyword targeting, ad blog creation.","The engagement resulted in 10 pieces of quality blog content thus far and an increase in search rankings. Big Leap establishes a smooth workflow and operates on a flexible schedule. The team is hard-working and understanding, explaining complex processes to the client when necessary.","The client submitted this review online.","Please describe your company and your position there.","I am the marketing director for a pest control company location in Hanna City, Illinois. We are a family run business, with 75 employees, and over 65 years of pest control experience.","For what projects/services did your company hire Big Leap?","We were very unhappy with our former SEO company and wanted a change. Our company went fully paperless a year ago and we wanted to improve our online presence. We felt like we were overpaying and our former SEO company was underdelivering. We needed help with creating content with our website and improving our gooogle ranking.","What were your goals for this project?","They were referred to us by the company that runs our pest control software. They looked at our website and told us what they were going to do for us and how they were going to do it. We jumped on a call with them and after a couple minutes, we knew that they were going to be better than our former SEO company. They were honest about their price and they did not and have not tried to up sale us.","","","How did you select this vendor?","","Describe the project in detail.","Our goals were to have Big Leap help us create content for our website and improve our Google ranking. We are one of the largest pest control companies in the state of Illinois and you would not know that by our small online presence.","What was the team composition?","We started off with weekly meetings with a team of people. They did a complete audit of our website. We gave them control of our GMB pages and our website. After about a month we then went to monthly meetings with an account manager. From there, they have created numerous blogs for us and have created service pages for our website. With this we have seen a large increase in our keyword rankings.","Can you share any outcomes from the project that demonstrate progress or success?","We communicate with an account manager. She is very friendly and always goes into detail in her report during our monthly meetings. I am never afraid to ask questions. She is very clear on what she needs from us each month.","How effective was the workflow between your team and theirs?","We have seen a large increase in our keyword rankings and have had over 10 great pieces of content created for our website.","What did you find most impressive about this company?","The team and account manager have been awesome to work with. We have learned a lot about SEO since hiring them. They are quick to respond to emails and have a flexible schedule if we have to change the time of a meeting.","Are there any areas for improvement?","They deliver on what they promised. They understand our industry and so they know what is best for our company. They also have been great at explaining the complicated process of SEO.","","No, they have met or exceeded our expectations","","","5.0","","","","","""Very happy with them.""","""They deliver on their promises.""","""Flexible schedules, easy to change meeting times and very understanding if something comes up.""","""We have seen great improvement on our SEO and have saved a lot of money. They do not try and up sale you like other companies.""","""Very likely, much better than our previous SEO company.","","","",""
"SEO for Mountain Bike Media Company","Search Engine Optimization","","Confidential","Oct. 2019 - Ongoing","5.0","5.0","5.0","5.0","5.0","""The speed in which they respond blew me away!""","Dec 6, 2019","Owner, The Loam Wolf","drew rohde","Verified","Media","Bend, Oregon","1-10 Employees","Online Review","Big Leap provided SEO services for a mountain bike media company. This included creating a content calendar, selecting target keywords, and working to increase the site's domain authority.","The engagement led to a large increase in traffic in a short amount of time and higher Google search rankings. Big Leap establishes a smooth workflow through effective communication. The team is hard-working, knowledgeable and collaborative.","The client submitted this review online.","Please describe your company and your position there.","We're a mountain bike and dirt bike media outlet primarily focused on reviewing products as well as creating unique native content features.","For what projects/services did your company hire Big Leap?","To increase web traffic, drive more visitors, increase domain authority and improve our rankings in google.","What were your goals for this project?","After several calls talking/interviewing other firms we felt a connection with Big Leap and their employees expressed more concern with our specialized content and ability to produce content without their writers so they could focus on structuring and optimizing our existing reviews and posts.","","","How did you select this vendor?","","Describe the project in detail.","Triple our web traffic!","What was the team composition?","We had a great introduction call and met the team, some of whom were actually familiar with our sport and what we were trying to achieve. From there we worked on developing a strategy that begin with some deep research into keywords and top competitors in our space.","Can you share any outcomes from the project that demonstrate progress or success?","","How effective was the workflow between your team and theirs?","","What did you find most impressive about this company?","","Are there any areas for improvement?","","","","","","5.0","","After gaining some very impressive results and knowledge from the deep dive we began a strategy to check highly searched terms off our content calendar list to maximize our chances for traffic while BigLeap worked to optimize our older posts.","The speed in which they respond blew me away!","Overall we're very impressed.","","","","","","We have a great marketing manager named Cassara and she's been very on top of requests and scheduling any additional help or services we need.","Email correspondence is great! We get replies back very quickly and they're able to hop on any request in short order.","","We've seen increased traffic to the site in a relatively short period of time and are excited to see that grow even more as Big Leap continues to optimize more pages. We've also quickly jumped up many places in our Google ranking and have reviews placed in the Google Snippet box within 1 month of being optimized."
"Digital Marketing for Fencing & Deck Installation Company","Other Digital Marketing","","Less than $10,000","Oct. 2016 - Ongoing","5.0","5.0","5.0","5.0","5.0","""The most impressive thing about BigLeap is the trust they have earned from all their clients.""","Nov 15, 2019","CMO, Best Vinyl Fence & Deck","Mitch Labrum","Verified","Other industries","Lehi, Utah","51-200 Employees","Online Review","Big Leap provided digital marketing services for a fence and deck installation company. This includes SEO, PCC, and local listings.","The engagement resulted in hundreds of keywords where the client ranks on the first page of results, generating leads. Big Leap establishes a seamless workflow to ensure both teams are on the same page. The team is honest and hard-working.","The client submitted this review online.","Please describe your company and your position there.","I am the CMO of a fence and deck installation company.","For what projects/services did your company hire Big Leap?","To handle our digital marketing, specifically SEO, PPC and local listings.","What were your goals for this project?","I have previously worked with the founder and several other employees of this company and I know that they are the best at what they do and trust them to the utmost.","","","How did you select this vendor?","","Describe the scope of their work in detail.","To increase our online presence and leads generated through all search engines, but most importantly Google.","What was the team composition?","From the very beginning they impressed me with how in tune they were with helping to plan the strategy around our ""why"" we are in business. We collaborated on designing a strategy to match our goals and they did great at jumping into the minutia and taking care of all of the tactical plans on the back end. We came up with a game plan to employ PPC to see some short-term and SEO for more long lasting results in the organic results. And of course, we wanted to make sure we were on top of our local listings and reviews.","Can you share any outcomes from the project that demonstrate progress or success?","I first met with the found and VP of biz dev and they took great care of me during the presentation and sales process. The transition to the account management team was seamless. I've had a lead account manger and some specialists I work with on a day to day basis since day one.","How effective was the workflow between your team and theirs?","When we first started we had under 100 keywords on the first page of Google and now we have hundreds of keywords on the first page driving us continuous leadflow. Before we started using BigLeap the majority of our leads (although the volume was low) were coming from traditional marketing channels like yellow pages and magazines but now we are seeing a drastic increase in lead volume, as well as lead quality.","What did you find most impressive about this company?","The transition to account management teams was seamless and they've always been great to send me monthly reports, meet in person on a monthly basis and answer any questions or requests I have in between.","Are there any areas for improvement?","The most impressive thing about BigLeap is the trust they have earned from all their clients. In a day where a lot of fly-by-night digital marketing companies are popping up employing smoke-in-mirrors tactics is refreshing to know your are in such good hands with BigLeap. Anyone that has ever worked with them refers their friends and family there and that is the best compliment anyone could ask for.","","There's always room for improvement and I know they always continue to innovate and work hard to maintain their amazing culture as they grow. As for our relationship, I can't think of anything specific I would say needs to be fixed.","","","5.0","","","","","","","","","","","","",""
"SEO for Air & Heat Company","Search Engine Optimization","","$10,000 to $49,999","Mar. 2019 - Ongoing","5.0","4.5","5.0","4.0","5.0","""Their professionalism and transparency about their work set them apart.""","Nov 12, 2019","Operations & Marketing Manager, Absolute Air Heat and Water","Brian Hortin","Verified","Other industries","Mapleton, Utah","11-50 Employees","Online Review","Big Leap provided SEO services for an air and heating company. The team created and implemented a strategy to increase traffic and visibility of the site.","The internal team has seen a steady increase in search rankings and traffic. Big Leap provides regular reports to ensure both teams ar eon the same page, facilitating a successful workflow. The team is talented, honest, and collaborative.","The client submitted this review online.","Please describe your company and your position there.","Absolute Air is a home service company offering repair and installation of HVAC equipment, water heaters, water softeners, and other related products and services. I am the Operations and Marketing Manager.","For what projects/services did your company hire Big Leap?","We wanted to improve our ongoing organic SEO efforts for our online presence.","What were your goals for this project?","By referral","","","How did you select this vendor?","","Describe the project in detail.","Increase traffic to our site, increase visibility for customers searching for our services in our area, convert more searchers to actual customers.","What was the team composition?","They reviewed our needs in detail and proposed a plan of action. After reviewing the details together we agreed on the plan and budget and moved forward. They have had regular calls with us to review progress and adjust work as needed. They provide monthly reports to track work completed and results.","Can you share any outcomes from the project that demonstrate progress or success?","We work with our project manager who is supported by a team of strategists, writers, and other team members I don't know.","How effective was the workflow between your team and theirs?","We've seen steady increases in rankings and traffic during our time with them, despite a lagging industry with mild weather this year.","What did you find most impressive about this company?","We speak mostly by email in between our monthly scheduled calls, but communication is always prompt and professional.","Are there any areas for improvement?","Their professionalism and transparency about their work set them apart. Previous SEO companies seemed to have us on autopilot without any real work completed on a regular basis, but Big Leap shows us the work being done and the results we're seeing so it's easy to continue to work with them.","","None that I can think of now.","","","5.0","","","","","""Overall a great fit for us and we're happy to continue with them.""","""Good work that boosts our results. Content written is strong, but nothing amazing or memorable.""","""Easy scheduling and communicating""","""They aren't cheap, but I feel the value is definitely there.""","""I would give a strong recommendation based on our experience.","","","",""
"Content & SEO Strategy for Higher Education Institution","Content Marketing","","$10,000 to $49,999","Oct. 2018 - June 2019","5.0","5.0","5.0","4.0","5.0","“I was impressed that they were always willing to do whatever asked of them and be adaptable.”","Jun 13, 2019","SEO Manager, CEHE","Patrick Oney","Verified","Education","Salt Lake City, Utah","1,001-5,000 Employees","Online Review","Big Leap provided a wide range of content marketing and SEO services, from content generation (e.g., onsite copy, blogs, offsite content) to site audits, reputation management, and keyword research.","With Big Leap, there has been a year-over-year increase in organic traffic across all of the client’s brands. The team was accommodating, navigating internal style guides and compliance checks with ease. While they could’ve been a bit more responsive at times, their overall workflow was spot on.","The client submitted this review online.","Please describe your company and your position there.","I am the SEO manager at the Center for Excellence in Higher Education (CEHE).","For what projects/services did your company hire Big Leap?","We hired Big Leap for content strategy, content (e.g., onsite copy, blogs, offsite content), general SEO strategy, website audits, keyword research, reputation management, and more.","What were your goals for this project?","They were already selected before I started working here.","","","How did you select this vendor?","","Describe the scope of their work in detail.","Our goal was to improve leads and conversions for all of CEHE's websites.","What was the team composition?","They conducted monthly reports on website performance, provided monthly blog content for each website, and consulted on SEO practices. We had weekly calls to review goals, current projects, and new projects.","Can you share any outcomes from the project that demonstrate progress or success?","I worked with CJ Lewis (Enterprise Digital Marketing Director, Big Leap), Jake Webster (Online Marketing Manager, Big Leap), and Megan Shockley (Senior Digital Marketing Specialist, Big Leap). They were fantastic to work with!","How effective was the workflow between your team and theirs?","We have seen an increase in year-over-year (YOY) organic traffic for all brands.","What did you find most impressive about this company?","They were great. We, on the other hand, put a lot of restrictions on them because we have certain marketing rules and standards that we must follow. And we have been slow most of the time keeping up with everything that Big Leap has provided us because of those rules and standards and approvals that we have to get from our compliance team and our executives.","Are there any areas for improvement?","I was impressed that they were always willing to do whatever asked of them and be adaptable.","","Sometimes Big Leap could be slow to respond to chats or emails, but it was never egregious.","","","5.0","","","","","","""While I personally don't have an issue with the cost, I know others at CEHE do.""","","","","","","",""
"SEO & Content Marketing for Higher Education Organization","Search Engine Optimization","","$200,000 to $999,999","July 2016 - Apr. 2021","5.0","5.0","5.0","5.0","5.0","""Their willingness to evolve and adapt make them a valuable partner who stands out in their industry.""","Mar 7, 2019","Director of Digital Marketing, Center for Excellence in Higher Education","Devin Sorensen","Verified","Education","Salt Lake City, Utah","1,001-5,000 Employees","Phone Interview","Big Leap provides ongoing SEO support. They performed an audit of the site and build lists of relevant keywords. They also create content, write blogs, and implement other efforts to optimize the platform.","The SEO services contribute to increasing overall traffic. The site has received more direct engagement, referrals, and quality leads from the optimization efforts. As a team, Big Leap is flexible and receptive to feedback, making them an easy, effective partner to work with.","A Clutch analyst personally interviewed this
				client over the phone. Below is an edited
				transcript.","Introduce your business and what you do there.","I’m the director of digital marketing at the Center for Excellence in Higher Education (CEHE). We’re a parent company for several post-secondary education schools. We have four major colleges with roughly 10,000 students between them.","What","Each of our main four universities has a different website, so we needed Big Leap’s help with SEO and content creation for the web pages.","challenge","the","","","were you trying to address with Big Leap?","In addition to the SEO efforts, Big Leap creates materials for our various sites. They run blogs and write content for our websites. Their team works to upgrade our existing content and add more to increase our platforms’ optimization.","What was the scope of their involvement?","Big Leap provides ongoing SEO support. In the beginning, they performed a complete audit of our sites. For the optimization efforts, they do keyword analysis and find related key terms. They create meta descriptions and title tags for our search results. Their team also provides linking support to increase backlinks, etc.","What is","","team","","composition?","","How did you come to work with Big Leap?","","How much have you invested with them?","","What is the status of this engagement?","","What evidence can you share that demonstrates the impact of the engagement?","","5.0","We have three main points of contact. CJ (Enterprise Digital Marketing Director, Big Leap) leads our weekly discussions and answers my questions. Jake (Digital Marketing Manager, Big Leap) is responsible for providing SEO recommendations and performing audits. Megan (Senior Digital Marketing Specialist, Big Leap) supports our content upgrades and blogs.","We looked at vendors across the nation, but we liked that Big Leap was local to us.","Their level of organization and ability to keep up with the work have been their main strengths. Even though we’re working on several websites, they communicate their progress well and keep track of our needs. We primarily speak through email, phone calls, and Slack for daily updates.","Their willingness to evolve and adapt make them a valuable partner who stands out in their industry. Whenever we provide feedback on their ideas, they’re eager to make changes and go the extra mile for us. If we want more content, blogs, or updates, they make our needs a priority, which we don’t see with other providers.","","","","","","We pay them $20,000 monthly. In total, we’ve spent between $600,000–$700,000 on Big Leap's services.","We track their success through three different forms of traffic: direct, organic, and referral traffic. In each type of engagement, we’ve seen significant gains and increases from our users. Our main goal is to get more people to look at our websites and improve the number of leads we receive. Working with Big Leap has helped us achieve these goals.","","We began working together in July 2016, and the engagement is ongoing."
"SEO for Interpreting Company","Search Engine Optimization","","$10,000 to $49,999","Feb. 2018 - Ongoing","4.5","4.5","4.5","3.0","4.0","“They're willing to go an extra mile for us.”","Nov 16, 2018","COO, Interpreting Company","Anonymous","Verified","Business services","Orem, Utah","11-50 Employees","Phone Interview","Helping increase organic traffic, Big Leap oversees SEO, writes content for the website, and creates backlinks. They also assist with keyword research and editing descriptions on referral pages.","The in-house team is impressed with Big Leap’s proactive approach and their willingness to learn industry-specific terminology. The impact on business is yet to be seen, but Big Leap’s professionalism and excellent communication skills earned them favorable referrals.","A Clutch analyst personally interviewed this
				client over the phone. Below is an edited
				transcript.","Introduce your business and what you do there.","I'm the COO of an interpreting company.","What challenge were you trying to address with Big Leap?","We wanted to boost our Google rankings, so we were looking for a company to help us.","What was the scope of their involvement?","We have one main point of contact.","","","What is the team composition?","","How did you come to work with Big Leap?","They provide SEO services and create content for our website. They also write blurbs, maintain our blog, and create backlinks to our website. We're focusing on organic traffic and they also help us with keyword research. We have some referral pages on our website, so they've edited some of the descriptions on those pages, optimizing our presence.","How much have you invested with them?","They were recommended to us by someone who had worked with them previously and had a very positive experience.","What is the status of this engagement?","We've spent about $18,000.","What evidence can you share that demonstrates the impact of the engagement?","We started working with them in February 2018 and the relationship is ongoing.","How did Big Leap perform from a project management standpoint?","They're very personable and willing to learn the terminology specific to our industry. We haven't seen a big impact yet, so we started a tracking software to help us see the progress.","What did you find most impressive about them?","They're good communicators and send us regular updates via email, which we really appreciate. We also meet once a month in their office.","Are there any areas they could improve?","They're willing to go an extra mile for us. They were very proactive about learning the specific terminology and doing their own research to make sure they use the language that is politically correct in our community.","","They've done a great job letting us know where the budget is going, but we'd like them to also show us what our ROI is. We're a small company, so seeing the value proposition is important to us.","4.5","","","","","","","","","","","","",""
"SEO & Keyword Research for IT Service Provider","Pay Per Click","Search Engine Optimization","$50,000 to $199,999","Jan. 2017 - Ongoing","5.0","5.0","5.0","4.5","5.0","""We’ve more than tripled our monthly web traffic and that’s all due to Big Leap.""","Oct 23, 2018","Digital Marketing Manager, Venafi","Anonymous","Verified","Information technology","Salt Lake City, Utah","201-500 Employees","Phone Interview","Big Leap does SEO and keyword research to improve Google rankings. They’ve optimized a variety of written content including blog posts.","The team has increased traffic from 7,000 to 25,000 monthly visitors. Popular content pieces reflect Big Leap’s research expertise and strategic approach. They are organized, competent, and timely. Although the team no longer provides PPC, they continue to enhance results and achieve success.","A Clutch analyst personally interviewed this
				client over the phone. Below is an edited
				transcript.","Introduce your business and what you do there.","I’m the digital marketing manager of Venafi, an IT security company. We sell to enterprises.","What","We had never made a concerted effort to go after keywords via SEO. When I became the digital marketing manager, I decided to implement a keyword research strategy. We then hired Big Leap to audit our SEO and address ongoing concerns.","challenge","","","","were you trying to address with Big Leap?","Initially, the scope included PPC. However, Big Leap dropped that service line. We now use a second vendor for that.","What was the scope of their involvement?","Big Leap audited our website and implemented an SEO strategy based on keyword research. After executing the strategy, they optimized our content including the blogs. The team fixed technical issues and updated keyword terms, titles, and descriptions to improve the site’s Google rankings.","What is the team composition?","","How did you come to work with Big Leap?","","How much have you invested","","with","","them?","","What is the status of this engagement?","","What evidence can you share that demonstrates the impact of the engagement?","","5.0","We work with an account manager and a project manager.","I did a Google search and found multiple vendors including Big Leap. Contacts in my network recommended the team as well. Next, I interviewed six companies and Big Leap impressed me the most. We hired the team based on their performance during the interview stage.","The team is organized and timely; if the project is running behind, it’s usually our fault. Originally, we had weekly in-person meetings but transitioned to every other week as the partnership evolved. I go to them because Big Leap’s office is near my house. We also communicate via email.","Big Leap is highly competent at content optimization and keyword research. They effectively allocate resources to maximize results. One of their content pieces is among our site’s five most-viewed pages. Overall, they’re a group of smart people that know SEO strategy.","","","","","","We started working together in January 2017 and the partnership is ongoing.","We’ve more than tripled our monthly web traffic and that’s all due to Big Leap. Specifically, the number of visitors has increased from 7,000 to 25,000 per month.","","We’ve spent around $100,000."
"SEO for Photography Equipment Company","Search Engine Optimization","","$10,000 to $49,999","June 2017 - Ongoing","5.0","5.0","5.0","5.0","5.0","“They're genuinely interested in our brand and invest their time in building a positive relationship.”","Oct 9, 2018","Co-Founder, WANDRD","Ryan Cope","Verified","Arts, entertainment & music","Provo, Utah","1-10 Employees","Phone Interview","After doing keyword research, Big Leap has been managing SEO, creating backlinks, and writing content/blog posts for a website.","The organic traffic has increased and Google rankings are getting higher each month. Big Leap goes above and beyond to meet all needs, while their expertise and personable approach contributed to a positive experience.","A Clutch analyst personally interviewed this
				client over the phone. Below is an edited
				transcript.","Introduce your business and what you do there.","I'm the co-founder of WANDRD. We create photography equipment.","What challenge were you trying to address with Big Leap?","We wanted to increase our organic traffic and visibility, so we were looking for a company to help us with SEO.","What was the scope of their involvement?","We have a project manager, but I can talk to any member of their team.","","","What is the team composition?","","How did you come to work with Big Leap?","They've been doing keyword research and optimizing our website. They create content for our web pages and blog posts, add meta tags and keywords to images, create backlinks, and help us establish connections to other influential sites.","How much have you invested with them?","They were recommended to me by another agency.","What is the status of this engagement?","We spend about $3,500 a month.","What evidence can you share that demonstrates the impact of the engagement?","We started working with them in June 2017 and the relationship is ongoing.","How did Big Leap perform from a project management standpoint?","Our rankings and the number of keywords that we target have been increasing month over month. Our organic traffic has also been on the rise.","What did you find most impressive about them?","They stay on top of everything. We have a call with them every other week and they send us a monthly report. They're genuinely interested in our brand and invest their time in building a positive relationship. We usually communicate via email and phone, but we've also met in person. They're great communicators.","Are there any areas they could improve?","We appreciate their personable approach.","","I don't have any complaints. Everything has been great.","5.0","","","","","","","","","","","","",""
"SEO for Real Estate & Educational Events","Search Engine Optimization","","$200,000 to $999,999","Oct. 2016 - Ongoing","5.0","5.0","5.0","5.0","5.0","“They paid attention to what was most important to us.”","Oct 3, 2018","Former PR Manager, Zurixx","Janine Halversen","Verified","Financial services","Cottonwood Heights, Utah","51-200 Employees","Phone Interview","After doing extensive keyword research, Big Leap created written/video content and managed SEO. They guided the in-house team through the entire process and provided extensive reporting.","Big Leap exceeded all expectations and took the website to the first page of Google search results. Exceptional listeners, they went above and beyond to accomplish all goals, while their outstanding communication and reporting skills contributed to the positive experience.","A Clutch analyst personally interviewed this
				client over the phone. Below is an edited
				transcript.","Introduce your business and what you do there.","When I worked with Big Leap, I was a PR manager at Zurixx.","What challenge were you trying to address with Big Leap?","We needed a company to help us improve our SEO rankings. We had worked with three other companies before hiring Big Leap, but we didn’t see the results we wanted. Big Leap definitely outshone the competition.","What was the scope of their involvement?","I had regular communication with two people from their team, but there were about five people assigned to our project.","","","What is the team composition?","They also invested a lot of time in developing the reporting that was easy for our team to understand. They educated us about SEO and provided a timeline, so we were never left in the dark.","How did you come to work with Big Leap?","Big Leap came into our office multiple times, trying to understand our problem. They provided keyword research and then created videos and other content for us. They also developed new web properties and were constantly auditing the content we had to help us improve it.","How much have you invested with them?","Our CEO found Big Leap. We didn't have much success with the other companies we worked with, so we needed urgent help.","What is the status of this engagement?","We've spent about $350,000.","What evidence can you share that demonstrates the impact of the engagement?","I started working with Big Leap in October 2016 and our company continues working with them. (I'm no longer with the company).","How did Big Leap perform from a project management standpoint?","I worked with Big Leap for two years and they far exceeded our expectations. We had specific goals about what we wanted to see on the first page of results for certain keywords and Big Leap hit all of our goals. In addition, they developed even better content than we used to have. Anytime there was a crisis with the company, they were always there to lend a helping hand.","What did you find most impressive about them?","Their communication and reporting were excellent. They stayed on top of everything when it came to phone calls and meetings, so I never had to remind them of anything. They updated the list of projects weekly, so we knew what was happening. We were in constant communication over the phone and email, and we also had in-person meetings.","Are there any areas they could improve?","They paid attention to what was most important to us. Also, they invested a lot of time in doing the reporting that we needed and that our CEO liked.","Do you have any advice for potential customers?","I can't think of anything. It was a great relationship.","5.0","","","","","","""I've recommended them to a lot of people.","","","","","","Be transparent. They can't read your mind, but they will pay attention to every single idea, complaint, or thought that you lay out for them. They're an exceptional team. I highly recommend them.",""
"SEO & PPC for HR Software","Pay Per Click","Search Engine Optimization","$10,000 to $49,999","Jan. 2014 - Ongoing","4.5","4.5","4.0","4.5","5.0","“Big Leap has helped increase our organic search rankings, traffic, and domain authority overall.”","Sep 28, 2018","Director of Demand Generation, BambooHR","Ian Elmer","Verified","Other industries","Lindon, Utah","201-500 Employees","Phone Interview","Big Leap helps with a variety of SEO services, including strategy, competitive research, website auditing, PPC, and content creation.","Big Leap's expertise and invaluable input over the years have helped significantly improve overall web performance. Although their project management could be more prompt, their team is very impressive. They continue to deliver results and add value as long-term partners.","A Clutch analyst personally interviewed this
				client over the phone. Below is an edited
				transcript.","Introduce your business and what you do there.","I'm the director of demand generation at BambooHR, a company that sells HR software.","What challenge were you trying to address with Big Leap?","We engaged Big Leap to help us improve our Google search rankings through SEO and PPC campaigns as our business grew.","What was the scope of their involvement?","We mostly work directly with two people.","","","What is the team composition?","","How did you come to work with Big Leap?","Big Leap provides digital marketing services as needed, including overall strategy, competitive research, website audits, PPC, SEO, and content building. As the relationship evolved over the years, we now manage PPC work in-house, but they continue to provide SEO services.","What is the status of this engagement?","Big Leap was hired before I started working at the company, but I also happened to know one of their owners and decided to continue the relationship once I came onboard. We've found them to be knowledgeable in their field, which gives us the confidence to continue working with them. They've also continued to deliver results and I feel that I can trust their team.","What evidence can you share that demonstrates the impact of the engagement?","We've been working with them since around 2014 and the relationship is ongoing.","How did Big Leap perform from a project management standpoint?","Big Leap has helped increase our organic search rankings, traffic, and domain authority overall. They've also provided valuable ideas and feedback over the years that's helped us improve our online performance.","What did you find most impressive about them?","They're relatively good at staying in touch with us and sticking to deadlines. We mostly communicate through videoconferences and meet in-person from time to time.","Are there any areas they could improve?","Their written, SEO content is very good. Their technical expertise and helpful input also sets them apart; their ideas are a good mix of tried-and-true, as well as new and innovative methods.","","Their account managers could be a little more proactive about following up with us more frequently.","","","4.5","","","","","","","","","","","","",""
"SEO Services for Start-Up","Search Engine Optimization","","$50,000 to $199,999","June 2016 - Dec. 2017","4.5","5.0","5.0","4.5","5.0","“Since working with Big Leap, our organic search rankings have continued to climb.”","Aug 29, 2018","CEO, GRIP6","BJ Minson","Verified","Other industries","Salt Lake City, Utah","11-50 Employees","Phone Interview","Big Leap provided SEO services, including keyword research, blog content creation, and digital advertising strategy.","Big Leap significantly improved the website's overall performance and organic search rankings, creating some particularly well-performing blog content in the process. Extremely proactive and dedicated in their approach, working with their team was a great experience overall.","A Clutch analyst personally interviewed this
				client over the phone. Below is an edited
				transcript.","Introduce your business and what you do there.","I'm the CEO of GRIP6, a startup belt manufacturer.","What challenge were you trying to address with Big Leap?","We were looking for a vendor to help with our long-term marketing strategy, including SEO.","What was the scope of their involvement?","We worked with about four to five people, and Ryan (Digital Marketing Director, Big Leap) was our main point of contact.","","","What is the team composition?","","How did you come to work with Big Leap?","Big Leap oversaw our initial marketing strategy and provided SEO services, including keyword research and management of Google AdWord campaigns. They also created blog content for the website.","How much have you invested with them?","They were referred to us by another company we trusted. We had a number of disappointing experiences with other marketing companies, so we were happy to finally find a vendor that could actually deliver on their promises.","What is the status of this engagement?","We invested around $90,000–$100,000.","What evidence can you share that demonstrates the impact of the engagement?","We worked together from around June 2016 to December 2017. We've since hired a couple in-house marketing staff to bring costs down.","How did Big Leap perform from a project management standpoint?","Since working with Big Leap, our organic search rankings have continued to climb. They created some very relevant blog content that performed exceptionally well.","What did you find most impressive about them?","Ryan was great to work with; he's the no. 1 reason we had such a good experience with Big Leap. He was always very proactive and on top of tasks, working hard to come up with solutions and new ideas to help improve our online performance. We mostly kept in touch through phone and email, but also met in-person on a monthly basis.","Are there any areas they could improve?","They were very competent, fair, and easy to work with overall.","Do you have any advice for potential customers?","We were very happy with their SEO services, but less impressed by their knowledge of Facebook advertising services. Although they started managing some social media ads for us in a transparent way, we decided to keep managing it on our end instead.","4.5","","","","","","","","","","","","I don't really have any advice other than to give them a try–they're great at what they do, and I continue to recommend them to anyone looking for SEO services.",""
"Web Dev, SEO & PPC for Vending Machine Manufacturer","Pay Per Click","Search Engine Optimization","$50,000 to $199,999","","5.0","5.0","5.0","5.0","5.0","“They deliver exactly what we need and stay within our budget.”","Aug 24, 2018","Owner, Westway Sales","Steven Paul","Verified","Manufacturing","Norco, California","1-10 Employees","Phone Interview","After creating the wireframes and the design, Big Leap built a new website and helped with SEO. The also manage PPC campaigns and provide keyword recommendations.","The website ranks high in Google searches and the internal team is happy with results. Big Leap goes above and beyond to meet all needs, while their expertise and outstanding project management skills contributed to the ongoing relationship.","A Clutch analyst personally interviewed this
				client over the phone. Below is an edited
				transcript.","Introduce your business and what you do there.","I'm the owner of Westway Sales. We're a vending machine manufacturer.","What challenge were you trying to address with Big Leap?","We were looking for a company to develop a new website for us and help us with SEO and PPC campaigns.","What was the scope of their involvement?","I work with their owner and 2–3 other members of their team.","","","What is the team composition?","","How did you come to work with them?","We started with a monthly contract and they were doing SEO and PPC for the website we already had. Two years later, they rebuilt our website and made it better optimized. They handled everything, from the wireframes to the design, and also helped us with the content and the keywords.","How much have you invested with them?","They were recommended to me.","What is the status of this engagement?","We've spent about $100,000.","What evidence can you share that demonstrates the impact of the engagement?","We started working with them in 2014 and the relationship is ongoing.","How did they perform from a project management standpoint?","Our website moved up to the top page in Google search (we used to be many pages down) and has maintained its high ranking.","What did you find most impressive about them?","They do an excellent job. We communicate through email 80% of the time and the rest of the time we use phone.","Are there any areas they could improve?","They deliver exactly what we need and stay within our budget.","Do you have any advice for potential customers?","No. Everything is great.","5.0","","","","","","""I've referred to them to a lot of people.","","","","","","Trust their advice and be clear about what you're trying to accomplish.",""
"SEO for Technology Learning Platform","Search Engine Optimization","","$50,000 to $199,999","Oct. 2015 - Ongoing","5.0","5.0","5.0","5.0","5.0","“Big Leap's page optimization efforts have significantly increased our page rankings and conversion rates.”","Aug 23, 2018","Senior Search Manager, Pluralsight","Brandon Christiansen","Verified","Other industries","Farmington, Utah","501-1,000 Employees","Phone Interview","Big Leap provides SEO services, including keyword research, web optimization, and content creation.","Big Leap's SEO services have led to increased page rankings, traffic, and conversion rates. In addition to delivering great results, their team is proactive, timely, and easy to work with all around. Their transparent approach to SEO sets them apart.","A Clutch analyst personally interviewed this
				client over the phone. Below is an edited
				transcript.","Introduce your business and what you do there.","I'm the senior SEO manager for Pluralsight, an online technology learning company that provides in-depth training for developers, IT, and creative professionals.","What challenge were you trying to address with Big Leap?","I needed additional help with SEO. Before hiring Big Leap, I was the only person at the company managing SEO for the over 6,500 courses we offer online—it was a daunting task.","What was the scope of their involvement?","I work with a dedicated account manager directly and two other senior staff. I believe they also have a team of three or four working on our account.","","","What is the team composition?","","How did you come to work with Big Leap?","Big Leap fulfills multiple roles, from web optimization work to keyword research, content expansion, and developing a strategic approach to SEO. They provide support as algorithmic changes occur, and make suggestions for us to improve the content and meta tags on our website. They also contribute content, including long-format blogs.","How much have you invested with them?","I've worked with Big Leap at other companies in the past and had such a great experience with them that I brought them with me when I came onboard at Pluralsight.","What is the status of this engagement?","We spend $60,000–$80,000 on an annual basis, so we've probably spent close to $200,000 in total thus far.","What evidence can you share that demonstrates the impact of the engagement?","We brought them on around October 2015 and the relationship is ongoing.","How did Big Leap perform from a project management standpoint?","Big Leap's page optimization efforts have significantly increased our page rankings and conversion rates. We're seeing an improvement in both the quantity and quality of web traffic, so the results from their keyword research and SEO support have been stellar.","What did you find most impressive about them?","Compared to other agencies I've worked with, their project management is definitely above average. They consistently meet deadlines and keep promises, so it continues to be a relatively seamless process. While we communicate a lot through phone and email, we're also able to meet with them in person from time to time.","Are there any areas they could improve?","Their level of transparency sets them apart. It's a trait that's increasingly important in the SEO industry, so I truly respect their openness and honesty.","","At first, their content creation wasn't as strong as it could've been, but they've made significant improvements since.","5.0","","","","","","""I love sending others their way.","","","","","","",""
"SEO for Regional Chamber of Commerce","Social Media Marketing","","$10,000 to $49,999","Aug. 2016 - Aug. 2018","5.0","4.5","5.0","5.0","5.0","""They were helpful and not afraid to push back on our crazy ideas or misunderstandings of social media.""","Aug 22, 2018","President and CEO, Utah Valley Chamber","Rona Rahlf","Verified","Other industries","Provo, Utah","1-10 Employees","Online Review","Big Leap implemented SEO and social media marketing strategies. The team collaborated on content creation and provided monthly progress reports. They posted on Facebook, LinkedIn, and Instagram.","The number of page views and followers increased, as well as the extent of engagement on social media. The team met regularly to review progress, offer recommendations, and refine the strategy. They communicated openly, responded well to feedback, and made quick content adjustments.","The client submitted this review online.","Please describe your company and your position there.","I am the President and CEO of the Utah Valley Chamber. We are a member-driven organization with a mission to build relationships, advocate principle-based public policy, and promote community and business prosperity.","For what projects/services did your company hire Big Leap?","We needed services for SEO, social media marketing, content creation, and website support.","What were your goals for this project?","Big Leap had partnered with another Chamber business. I met with Bryan (Founder and CEO, Big Leap) and Dan (VP of Business Development, Big Leap) to explore a partnership because their work to increase awareness for the client’s event impressed me.","","","How did you select this vendor?","","Describe the scope of their work in detail.","We wanted to increase our Google rankings, as well as our reach and engagement in Utah County.","What was the team composition?","We met Big Leap to determine what outcomes we were seeking to achieve. We then received a monthly report and feedback from the implementation team. They documented how the work progressed from the previous month and recommended adjustments. We met quarterly together to review goals and outcomes throughout the partnership.","Can you share any outcomes from the project that demonstrate progress or success?","We worked with Big Leap’s principals and their staff.","How effective was the workflow between your team and theirs?","Big Leap created content that was on-message and scheduled to meet our targets. Page views on our website increased. We got more followers on Facebook, LinkedIn, and Instagram, and were able to engage those people more thoroughly.","What did you find most impressive about this company?","The manager was responsive to questions and feedback for the ads and implementation. Both teams had a hand in content creation and provided helpful suggestions during that process.","Are there any areas for improvement?","Big Leap had a very strong group of folks who knew their business and trade. They were helpful and not afraid to push back on our crazy ideas or misunderstandings of social media.","","Some posts’ messaging or graphics didn’t reflect our service area, but Big Leap responded quickly and made appropriate changes. The Chamber’s business and services areas are hard to learn, and we could have done a better job helping the team avoid mistakes.","","","5.0","","","","","","""Have already referred several companies","","","","","","",""
"Website Migration for Digital Marketing Company","Other Digital Marketing","","$50,000 to $199,999","Jan. 2016 - June 2017","5.0","5.0","5.0","5.0","5.0","“They can solve complex problems in a timely manner.”","Aug 20, 2018","President, AlphaGraphics","Andy Selcho","Verified","Manufacturing","Salt Lake City, Utah","11-50 Employees","Online Review","Big Leap provided strategy consulting to preserve digital visibility. The team advised a website migration that focused on maintaining the same level of online presence through the transactional phase.","Big Leap’s strategies resulted in a successful website migration with minimal sacrifice in terms of digital marketing efforts. The team’s collaborative approach to the project and a wide range of skills laid the foundation for a seamless and productive workflow.","The client submitted this review online.","Please describe your company and your position there.","I’m the owner and president of an AlphaGraphics franchise location in Sandy, Utah. We help companies grow brands by delivering custom print materials and marketing strategies.","For what projects/services did your company hire Big Leap?","One of our clients was developing a new website and wanted to make sure their digital marketing efforts would align with the new platform.","What were your goals for this project?","Having worked with Big Leap for many years, we thought they’d be a perfect fit for the project. We knew they deliver high-quality results and, after speaking with them, they understood our client’s goals.","","","How did you select this vendor?","","Describe the scope of their work in detail.","We wanted to minimize the negative impact on organic traffic and conversions during the website transition.","What was the team composition?","Big Leap met with our client to discuss their digital marketing strategy. With that information in mind, they provided recommendations that focused on maintaining a strong online presence.","Can you share any outcomes from the project that demonstrate progress or success?","Over the years, I’ve worked with the CEO, sales representatives, project managers, and implementation specialists.","How effective was the workflow between your team and theirs?","With Big Leap’s advice, the client was able to successfully migrate their website. The new website’s digital marketing performance exceeded all expectations.","What did you find most impressive about this company?","The workflow between our two teams was seamless. They acted as a part of our internal team and they went the extra mile assure we were happy with the results.","Are there any areas for improvement?","I really appreciate Big Leap’s level of expertise. They can solve complex problems in a timely manner.","","Big Leap could benefit from a more organized management style and more attention to detail when dealing with smaller side projects.","","","5.0","","","","","""They are the best.""","""They exceeded our expectations.""","""Scheduling was easy.""","""They delivered exceptional value for the price we agreed on.""","""I refer them all the time.","","","",""
"SEO and Digital Marketing for Amazon Consultancy","Other Digital Marketing","","Less than $10,000","May 2018 - Ongoing","5.0","5.0","5.0","4.5","5.0","""They maintain an intimate relationship with each client, even though they’re at top of the industry.""","Aug 20, 2018","VP Operations, Evolved Commerce","Gabe Ray","Verified","Advertising & marketing","Utah, United States","11-50 Employees","Online Review","Big Leap is spearheading an ongoing SEO effort. After a comprehensive web presence investigation, they instituted a plan to improve rankings on key terms and made several site improvements.","Search engine rankings have improved significantly after only a few months. Big Leap communicates their progress through regular calls and makes sure to ask for any clarification they need. Despite their status in the industry, they provide personal service and make each client feel valued.","The client submitted this review online.","Please describe your company and your position there.","I’m the co-founder of COO of Evolved Commerce, an Amazon consulting company. We specialize in helping companies of all sizes sell more efficiently on Amazon through optimization efforts.","For what projects/services did your company hire Big Leap?","We were looking to expand our SEO presence beyond what we had the time and knowledge to accomplish ourselves. Many of our employees come from an SEO background but we didn’t have the time to dedicate to ranking our own website and services.","What were your goals for this project?","We reached out to them because we heard they were the best in the industry and that you got a dedicated resource instead of outsourced helped. We chose them because they were personable, knowledgeable, and did their homework on our industry. They didn’t just give us a basic SEO pitch. They knew what our business was all about and showed us a path to ranking for terms we wanted.","","","How did you select this vendor?","","Describe the scope of their work in detail.","We wanted to rank for more search terms faster than our competitors, without breaking the bank with our spend.","What was the team composition?","The campaign started with an in-depth audit and analysis of our current web presence and rankings. In just a few short weeks, after reporting and making a game plan, Big Leap has taken steps to clean up our presence and improve our rankings.","Can you share any outcomes from the project that demonstrate progress or success?","To this point, we’ve worked with our project manager and his supervisor, as well as two members of their executive team.","How effective was the workflow between your team and theirs?","We’ve seen a huge climb in our rankings to this point. Again, SEO is a long-term play but we’re seeing progress on terms we never imagined we’d rank for in just a few short months.","What did you find most impressive about this company?","It’s been very clean and easy. They let us know what they’re focused on in each call and we provide them any details they need. They’ve been hands on and helpful with all of our requests.","Are there any areas for improvement?","They maintain an intimate relationship with each client, even though they’re at top of the industry. You don’t feel like just another client in their portfolio.","","Nothing comes to mind right now. We’ve been very happy to this point.","","","5.0","","","","","""They're the best I've work with or for in the industry.""","""They're top notch and above the low cost SEO agencies out there.""","""It's to work around our schedules.""","""They're not the most affordable, but the quality and attention to detail is worth the extra money.""","""I'm happy to refer them to anyone and everyone.","","","",""
"SEO and SMM for Marketing Agency Clientele","Other Digital Marketing","","Less than $10,000","Jan. 2018 - Ongoing","5.0","5.0","5.0","5.0","5.0","""Big Leap has great people that are very responsive.""","Aug 20, 2018","VP of Business Development, Disruptive Advertising","Jon Bennion","Verified","Advertising & marketing","Lindon, Utah","51-200 Employees","Online Review","Big Leap is an ongoing partner that handles SEO, link building, and content creation directly for end clients. Their main focus is on gaining organic rankings on Google.","Through seamless communication and scheduling, Big Leap has produced only positive results for every client they’ve dealt with. Their consistent and responsive team contribute to a collaboration that will continue into the foreseeable future.","The client submitted this review online.","Please describe your company and your position there.","I’m the VP of business development for Disruptive Advertising, a marketing agency that focuses on paid media.","For what projects/services did your company hire Big Leap?","We need a company that could help our clients with SEO and content.","What were your goals for this project?","We researched several companies, checked referrals, and had a bunch of meetings. Out of this, we determined that Big Leap could help our clients.","","","How did you select this vendor?","","Describe the scope of their work in detail.","Our goal was to find a partner that could do a great job and take care of our customers.","What was the team composition?","Big Leap helps clients rank organically on Google. They provide great content, links, and handle all the technical SEO aspects of a given website.","Can you share any outcomes from the project that demonstrate progress or success?","I work with their sales reps and account managers. Big Leap has great people that are very responsive.","How effective was the workflow between your team and theirs?","Big Leap delivers, proving to be an excellent partner! I’ve been greatly impressed with the results they’ve produced for our clients. They consistently deliver and have been a great partner to us.","What did you find most impressive about this company?","The workflow has been easy, and I’ve never had any scheduling issues with them. They answer questions quickly.","Are there any areas for improvement?","Their communication is amazing. I never have to guess at how the campaigns are performing.","","No. Keep up the great work!","","","5.0","","","","","","","","","","","","",""
"SEO for Tech Division of Retail Company","Search Engine Optimization","","$50,000 to $199,999","Feb. 2018 - Ongoing","4.5","4.5","4.5","5.0","5.0","""We’re now building a strong foundation that has already exceeded our upper management’s expectations.""","Jul 16, 2018","Senior SEO Marketing Manager, Technology Brands","Garret Stembridge","Verified","Retail","Salt Lake City, Utah","10,001+ Employees","Phone Interview","Big Leap provides supplemental SEO services for two concurrent campaigns to boost overall competitiveness. Services focus on link building, content creation, traffic, and online reputation.","The relationship is relatively new, but early results are already promising. As a partner, the team is a professional, approachable, and service-oriented. Big Leap is actively working to make communication more streamlined as the enhanced domains continue to generate positive feedback.","A Clutch analyst personally interviewed this
				client over the phone. Below is an edited
				transcript.","Introduce your business and what you do there.","I’m the senior SEO manager at Technology Brands, a division of GameStop. We have authorized retail locations for two national brands—a cellular service and a computer company.","What","Recently, we received permission to do our own marketing for the two brands. Prior, the cellular service owned our listings and our e-commerce storefront ran within the computer company’s website. Under this arrangement, we weren’t utilizing these platforms to their fullest potential. Technology Brands hired me to build its SEO program and I subsequently reached out to Big Leap for supplemental support. We needed outsourced help with link building, content creation, and SEO audits to improve our online properties.","challenge","I interact primarily with our account manager and his boss. I also work with the founder and CEO, and the VP of sales, whom I’ve known personally.","","","were you trying to address with Big Leap?","","What was the scope of their involvement?","Big Leap does SEO for both brands. For the cellular service, they build backlinks to increase domain authority and improve our online reputation. The team is also creating content for various pages and optimizing titles, tags, meta descriptions, linking structures, and headers. The cellular domain is very new while the computer company domain is much older. For the latter, Big Leap focuses on cleanup from a URL and backlog standpoint; the site had acquired spam links over time. In addition, they provide SEO services similar to the cellular brand that focuses on the end-user, traffic, and search engine.","What is the team composition?","I met Big Leap through a previous job when that company needed help with online initiatives. A co-worker recommended them after having a positive experience with a separate project. We then engaged them on an on-and-off basis for nearly eight years, during which the company had its most successful campaign. For Technology Brands, I decided to re-hire Big Leap—for what I considered their strongest services—to make us more competitive.","How did you come to work with Big Leap?","We’ve spent $60,000 in the first six months.","How much have you invested with them?","We started working together in February 2018 and the partnership is ongoing.","What is the status of this engagement?","Technology Brands has been in existence for 20 years, but has only recently focused on its online reputation. Big Leap has successfully enhanced our effort to be more competitive by robustly supporting our in-house team and marketing efforts. We’re now building a strong foundation that has already exceeded our upper management’s expectations. Big Leap is an important portion of our overall strategy, which continues to make good progress and generate positive feedback.","What evidence can you share that demonstrates the impact of the engagement?","Although we’ve had growing pains since the project’s beginning stages, Big Leap is always receptive to feedback. They’re very customer-centric and truly want the client to be satisfied. We’ve already seen improvement around communication and visibility and plan to work further on those areas. We mostly use phone, email, but in-person meetings as well; our next monthly review will be face-to-face.","How did Big Leap perform from a project management standpoint?","The team wants to learn and improve for their clients’ benefit. They’re also approachable without being condescending, as happens often in our industry. Big Leap has industry leaders that conduct themselves in a professional manner and genuinely care about client relationships.","What did you find most impressive about them?","Communication could be clearer. Big Leap provides Google Docs, but the amount they create is slightly overwhelming to track. The team does strive for better communication; however, it could still be cleaner because it would benefit them in the long run.","4.5","","","","","","","","","","","","",""
"SEO & Content Marketing for Travel Group","Search Engine Optimization","","$200,000 to $999,999","Jan. 2018 - Ongoing","5.0","5.0","5.0","5.0","5.0","""We'd been turned off to SEO from our previous agency and I think it's really helped us get excited about it again.""","Jul 13, 2018","Director of Digital Customer Experience, Travel Group","Keith Swiderski","Verified","Hospitality & leisure","Parsippany, New Jersey","10,001+ Employees","Phone Interview","Big Leap manages organic search involving SEO and content creation and curation. After generating a keyword list, they optimized on-site content and created new pages. They also monitor competitor practices.","Though they’re early in the engagement, Big Leap has already produced visible movement in search engine rankings. Their tradition of personalized service and pro-activity leads to custom, innovative offerings. They are consistent communicators and put high-value on progress transparency.","A Clutch analyst personally interviewed this
				client over the phone. Below is an edited
				transcript.","Introduce your business and what you do there.","I’m the Director of E-Commerce for a travel group.","What challenge were you trying to address with Big Leap?","We had an SEO agency in-house but, over a four or five-year period, we came to the conclusion that we needed to replace them. We were looking for a new, fresh voice – somebody that could speak both to the executive level and explain SEO challenges as well as to the developer level and help with content.","What was the scope of their involvement?","","","","What is the team composition?","They’re also creating new content since we’ve been pretty weak in that area. They research keywords they can put in the content and make sure that it's on brand before doing QA with our people.","How did you come to work with Big Leap?","They handle all of our SEO – organic search only – for all of our brands in North America. They did keyword research originally to develop a basket of terms and now they optimize the content, its presentation, and its links in order to make us an online authority on the topic.","How much have you invested with them?","","What is the status of this engagement?","","What evidence can you share that demonstrates the impact of the engagement?","","How did Big Leap perform from a project management standpoint?","","What did you find most impressive about them?","It takes a while with organic search, especially with a big company because the agency has to get used to who you are, figure out the places where you want to drive revenue, and create that content. It took a few months for any words Big Leap created to actually hit our website. We've really been happy with our relationship with them – couldn't be happier.","Are there any areas they could improve?","We have weekly calls at my level and then they talk daily to other members of my team. We communicate via Slack and then we have a review with them around once every four months.","Any advice for potential customers?","","5.0","We have one main contact person and a team of about ten people.","They were recommended to me by a friend of mine that had done some content creation work with them in the past. We invited Big Leap and three other agencies to participate in an RFP and they just really impressed everyone.","","They manage the project in a very clear way. They'll give us a chart to show the different phases and they keep us updated on that. We also have a set of Google Docs with them where they show us all the work product they do, how they’re progressing, and any questions they have. It’s a real clear way for us to know exactly where we're at.","","","","","","We spend high six-figures annually.","We're looking at things like where we're ranking in the top three or where we're ranking in the top 10, and we're starting to see that top 10 number moving. Some of the new pages they've created starting to rank and we're seeing some small jumps in our year over year organic search traffic.","For example, they came to us the other day and said that they noticed that one of our competitors was doing this new thing – and they're a small competitor and they're doing it on some low traffic pages. They suggested that because we're so big we would benefit a lot from this. That just blew us away because they haven't been with us long enough to know to look at those small competitors. The rigor that they showed by independently deciding to go and look at this trend and come up with an action plan was really surprising and awesome.","We’ve been working together since January 2018."
"Content Creation & SEO for Computer Software Company","Other Digital Marketing","","$10,000 to $49,999","Sep. 2017 - Ongoing","5.0","5.0","5.0","5.0","5.0","""The overall breadth of our keywords, ranking, and search has increased.""","Jul 11, 2018","Head of Demand Generation & Digital, Computer Software","Anonymous","Verified","Other industries","Lehi, Utah","201-500 Employees","Phone Interview","Big Leap provides content creation and SEO services, working on keyword research and ranking, as well as a website rebrand.","The results of their work have been clear, with excellent deliverables produced in terms of keyword rankings, website structure, and the breadth of the search terms. The team is comprised of experts in their fields who are always able to answer any question and provide great reports and feedback.","A Clutch analyst personally interviewed this
				client over the phone. Below is an edited
				transcript.","Introduce your business and what you do there.","I head up digital and demand generation for a customer interaction software.","What","We needed to improve our keyword rankings and our overall site optimization. We have a lot of great content on the blog and website that wasn’t getting indexed as it should. We knew it was an issue with the consistency and quality of content.","challenge","We rebranded and relaunched the website a couple months ago. They helped us with some of that. They just finished a speed analysis for us on optimizations so we’re starting to implement a lot of their stuff.","","","were you trying to address with Big Leap?","They identified a lot of keywords that were worth considering. With our existing content, they helped us with how to add more featured articles, internal linking, and different types of content. They left it up to us if we want to create and work on the content or if we wanted to have them do it. They helped us with outreach on people that could help share it. Overall, they put together a whole strategy for us. We’re still executing that strategy and evolving it as we go.","What was the scope of their involvement?","They helped us rank for keywords that we knew generate leads and sales for us. They focused on the rankings for our main website, figuring out how to get more traffic from the content, and guiding our content strategy.","What is the team composition?","I work with four people, including Bryan (CEO, Big Leap). If we were curious about something or had a question, he was quick to respond. When we launched a new website, it was a quick conversation to ask them to help us, and the next day we had one of their web developers going above and beyond to help us hit a deadline. Most of the time we had our main project manager helping to orchestrate everything and running point on projects.","How did you come to work with Big Leap?","I’ve used them before at other companies and had good experiences. Our company wanted a proposal as well as an analysis of potential results from them. It came right in line with what we were trying to accomplish. Since I had a track record with them and had talked to other companies that had been using them, we decided to work together.","How much have you invested with them?","$5,000–$10,000/month.","What is the status of this engagement?","We started working together in September 2017 and the work is ongoing.","What evidence can you share that demonstrates the impact of the engagement?","The site structure is now more refined. It’s easier for search engines and easier for people to understand. Having their team throw ideas at us is really helpful and they help us make sure we’re not going crazy anywhere.","How did Big Leap perform from a project management standpoint?","","What did you find most impressive about them?","It’s been great. We communicate mostly by email. Once in a while, they’ll reach out to get together for lunch. When we ran into some issues, they dropped everything and helped us.","5.0","","","The overall breadth of our keywords, ranking, and search has increased. A lot of what we post is internal, but the direction that they’ve given us, as well as the help in making sure everything is indexed and backlinked properly is great. Now we’re slowly moving up the rankings. For some of our main keywords, we bumped up a spot, while it’s been slow and consistent on the more competitive ones, while still adding breadth generally, which was our main focus.","There’s a lot of spreadsheets and as much information as I want. A lot of times I’ll have to ask for a more dumbed down version. I have high confidence in all the details, but I’d like to see, at a high level, what’s going on. Anytime I’ve ever asked for anything, I’ve gotten it. Any adjustments I ask for after the monthly or weekly reports are implemented by the next one.","","""They've never missed a deadline.""","""Six.""","""I’ve recommended them already.","","","","They have good experienced people. If I ask any question, there’s somebody at Big Leap that is an expert in that field and they bring them in, even if we’ve never worked with them before. They’ve always been experts and that stands out to me. It’s very comforting that they’ve figured out the right way to do it all.",""
"Online Reputation Management for Skin Care Company","Pay Per Click","Search Engine Optimization","$50,000 to $199,999","Sep. 2017 - Ongoing","5.0","5.0","4.0","4.0","5.0","“Big Leap has taken complete ownership and helped turn around our online reputation for the better.”","Jul 11, 2018","Director of Digital Marketing, Nu Skin","Jen Bagby","Verified","Other industries","Provo, Utah","1,001-5,000 Employees","Phone Interview","Big Leap oversees online digital strategy and reputation, including keywords lists, website changes, and content production for blogs, infographics, and social media channels.","Unlike other vendors, Big Leap has successfully improved the company's online reputation in specifically challenging markets, including the website's ranking on Google. Their organized, customer-centric approach and ability to provide talented resources quickly sets them apart.","A Clutch analyst personally interviewed this
				client over the phone. Below is an edited
				transcript.","Introduce your business and what you do there.","I'm the director of digital marketing in the Americas for Nu Skin, a direct selling skin care company.","What challenge were you trying to address with Big Leap?","In our Latin American markets, particularly in Argentina, we had somewhat of a negative reputation online from a misleading article about our products that was performing well on Google. We were looking for a vendor that could help manage and improve our online reputation after working with other vendors that were unable to produce results.","What was the scope of their involvement?","We work directly with about five people regularly, including an account manager.","","","What is the team composition?","","How did you come to work with Big Leap?","Big Leap oversees our digital strategy, creating daily and weekly calendars for content production and posting, including blogs, infographics, and social media. After their writers create the content, our team reviews it for final approval. They've also made changes to our website and metadata and created keywords lists for us to focus on.","How much have you invested with them?","I worked with one of their owners a long time ago at a different company and knew I could trust his work. Although we considered others, we decided to go with Big Leap based on their expertise and ability to work in Latin American markets.","What is the status of this engagement?","We've invested about $100,000 thus far.","What evidence can you share that demonstrates the impact of the engagement?","We started working with them in September 2017 and the relationship is ongoing.","How did Big Leap perform from a project management standpoint?","Big Leap has taken complete ownership and helped turn around our online reputation for the better. They've significantly improved our ranking on Google in previously challenging markets. Their work in Argentina has had a positive impact in other surrounding markets.","What did you find most impressive about them?","","Do you have any advice for potential customers?","","","","5.0","","","They're very good about reporting what they're working on as they progress, keeping us updated in weekly meetings and in almost daily communications. They also meet with us in person to provide a monthly overview report, which has been very helpful for our executive team.","They're experts in their field and good about figuring out how to solve client challenges. They also have great resources and are able to source the right staff quickly when needed. From our experience, Big Leap's approach is ahead of the times, especially in Argentina. Other vendors we'd worked with were applying strategies that were very dated and didn't work as well.","","","","","","","Other agencies we've worked with haven't been able to budge our online position, so we're very happy with the results thus far. It's helping our leadership team overcome issues involving prospective employees or purchasers of our products.","",""
"SEO & Digital PR for Mattress Company","Search Engine Optimization","","Confidential","July 2016 - Ongoing","4.5","4.5","4.0","5.0","5.0","“They're very experienced … The results have been fantastic.”","Jul 11, 2018","CMO, purple.com","Alex McArthur","Verified","Other industries","Alpine, Utah","501-1,000 Employees","Phone Interview","Helping a startup establish a brand in a highly competitive industry, Big Leap has been producing content, managing digital PR and SEO, and helping with YouTube videos.","The business has been growing rapidly and the brand is now the most-searched-for mattress brand in the country. Producing the content that reflects the voice of the organization, Big Leap helped it stand out among competitors, while their expertise and flexibility earned them trust.","A Clutch analyst personally interviewed this
				client over the phone. Below is an edited
				transcript.","Introduce your business and what you do there.","I'm the CMO at purple.com. We sell mattresses, sheets, mattress protectors, and other comfort products. We started our company two years ago and we've been growing very rapidly.","What challenge were you trying to address with Big Leap?","The mattress industry is very competitive and there are hundreds of companies trying to rank for the same keywords and pitch their products. It’s difficult to stand out since companies sell similar products. We needed a partner to help us create content and drive organic traffic to our website.","What was the scope of their involvement?","We've worked with 4–5 members of their team, including our day-to-day lead and the CEO.","","","What is the team composition?","","How did you come to work with them?","We've had Big Leap on a retainer for almost two years. We started with SEO and then expanded their contract, so they now focus on digital PR, link building, SEO audits, and traditional SEO. They’ve helped boost our brand and got us some valuable mentions in well-known sources. It's a very collaborative process and they've become part of our team. Their digital PR improves our SEO rankings and brings us media attention and sales. They also create content for our blog and our landing pages, helping us with tags, keywords, and links to those pages.","What is the status of this engagement?","We met through networking (Utah is the highest trending state for SEO and almost everybody knows each other.) Also, they're one of the top 2–3 companies in the state.","What evidence can you share that demonstrates the impact of the engagement?","We started working with them in July 2016 and the relationship is ongoing.","How did they perform from a project management standpoint?","We didn't have a brand two years ago, but now we're the most-searched-for mattress company in the country. Our YouTube videos are very popular and our brand is recognized. Our customers like our content and feel that it's unique.","What did you find most impressive about them?","","Are there any areas they could improve?","","","","","","4.5","","","Many companies say they're flexible, but in the end, they follow their routine and their own process. Big Leap worked with us and became an extension of our team. They're very experienced, so we don’t have to spend our time editing the content they produce.","The results have been fantastic, but their project management could use some improvement.","","","","","","","They're above average. We had monthly in-person meetings and talked over the phone or email every week. They did a good job, but we had to change people a couple of times.","","Big Leap has been able to match our voice with our content, making it fun and quirky. We wanted to sound approachable and friendly and Big Leap helped us accomplish that, making us stand out among other mattress brands."
"SEO & Content Development for Marketing Software Dev Company","Search Engine Optimization","","Confidential","Jan. 2025 - Ongoing","5.0","5.0","5.0","5.0","5.0","""I'm impressed by Big Leap's level of expertise.""","Mar 3, 2026","Owner, Enigmatech","Leighton Scarlett","","Advertising & marketing","Florida, United States","1-10 Employees","Online Review","Big Leap provides content development services to a marketing software development company. The team is responsible for creating SEO-enhanced pages to help the client drive high-quality traffic.","Thanks to Big Leap's work, the client has seen a 100% increase in lead quality and search rankings. The team's project management approach has been professional, knowledgeable, and honest throughout the engagement. Big Leap maintains effective communication with the client via virtual meetings.","","Introduce your business and what you do there.","I’m the owner of Enigmatech, a marketing software development company.","What challenge were you trying to address with Big Leap?","We needed help driving organic traffic.","What was the scope of their involvement?","We work with 2–5 teammates from Big Leap.","","","What is the team composition?","","How did you come to work with Big Leap?","Big Leap provides content development services geared towards driving high-quality traffic. The team creates highly optimized SEO pages.","How much have you invested with them?","Someone referred Big Leap to me. I chose them over other options because they had high ratings and were a great culture fit.","What is the status of this engagement?","The project cost is confidential.","What evidence can you share that demonstrates the impact of the engagement?","We started working with Big Leap in January 2025, and our engagement is ongoing.","How did Big Leap perform from a project management standpoint?","Big Leap's work has resulted in an increase in traffic, lead quality, and search rankings. We've seen a 100% increase in lead quality and rankings.","What did you find most impressive about them?","Big Leap's project management is professional, knowledgeable, and honest. We communicate via virtual meetings.","Are there any areas they could improve?","I'm impressed by Big Leap's level of expertise.","","Big Leap could improve their communication speed.","5.0","","","","","","","","","","","","",""
"Web Dev & Content Optimization for Pool Construction Co","Search Engine Optimization","Web Development","Confidential","Feb. 2025 - Ongoing","5.0","5.0","5.0","4.5","5.0","""I'm impressed by the level of attention Big Leap gives to my account.""","Feb 25, 2026","Director of Marketing, Coastal Pools","Kayla Hillhouse","Verified","Construction","Grasonville, Maryland","51-200 Employees","Online Review","Big Leap has built and maintained a website for a swimming pool construction company. The team also helps increase the client's organic rankings and traffic through content optimization.","Big Leap has increased the client's keyword rankings and organic sessions. The team has also delivered a beautiful website. Big Leap's project management is very good. They have clear trackers and communication about deliverables on both ends. The team usually delivers on time.","","Introduce your business and what you do there.","I’m the director of marketing at Coastal Pools, a full-service custom pool and outdoor living company. We design, build, and remodel custom residential and commercial swimming pools, spas, and other outdoor living spaces in Maryland and Delaware.","What challenge were you trying to address with Big Leap?","We needed to redesign our website and maximize our SEO efforts.","What was the scope of their involvement?","We’ve worked with 2–5 teammates from Big Leap.","","","What is the team composition?","","How did you come to work with Big Leap?","Big Leap has built and maintained our website. The team has delivered a fantastic website and continues to help us build it out and maintain it, keeping us ahead of our competition in the market. Big Leap also helps increase our organic rankings and traffic through content optimization and build-outs.","What is the status of this engagement?","I used them at a previous company I worked at. I chose them because of their proven success and excellent customer service from my previous experience.","What evidence can you share that demonstrates the impact of the engagement?","We started working with them in February 2025, and our engagement is ongoing.","How did Big Leap perform from a project management standpoint?","Big Leap has increased our keyword rankings and organic sessions. The team has also delivered a beautiful website.","What did you find most impressive about them?","Big Leap’s project management is very good. They have clear trackers and communication about deliverables on both ends. The team usually delivers on time. If they won’t deliver on time, they get in front of that by letting us know the reasons, the resolutions, and the newly expected timeframe. We communicate through virtual meetings, emails, and messaging apps.","Are there any areas they could improve?","I’m impressed by the level of attention Big Leap gives to my account.","","No, there aren’t any.","","","5.0","","","","","","","","","","","","",""
"Digital Marketing for Invoice Factoring Company","Digital Strategy","Search Engine Optimization","$10,000 to $49,999","Oct. 2024 - Ongoing","5.0","5.0","5.0","5.0","5.0","""They're well organized and have delivered better results than anticipated.""","Jan 7, 2026","Digital/Affiliate Marketing Manager, Riviera Finance","David Tremblay","Verified","Financial services","Redondo Beach, California","51-200 Employees","Online Review","Big Leap provides digital marketing services for an invoice factoring company. They execute campaigns to improve the client's lead generation, Google search rankings, and website keyword content.","Thanks to Big Leap's efforts, the client has seen a 34.3% increase in leads in FY 2025 YoY and a 54.3% boost in December 2025 YoY. The team is well-organized, delivers better-than-expected results, and meets deadlines. They also respond promptly to requests and offer effective strategy suggestions.","The client submitted this review online.","Please describe your company and position.","I am the Digital/Affiliate Marketing Manager of Riviera Finance","Describe what your company does in a single sentence.","Invoice factoring","What specific goals or objectives did you hire Big Leap to accomplish?","Increase lead generation","Improve brand positioning Google search results","Improve keyword content on our website","How did you find Big Leap?","","Why did you select Big Leap over others?","Online Search","How many teammates from Big Leap were assigned to this project?","","Describe the scope of work in detail. Please include a summary of key deliverables.","","What were the measurable outcomes from the project that demonstrate progress or success?","","Describe their project management. Did they deliver items on time? How did they respond to your needs?","","What was your primary form of communication with Big Leap?","","What did you find most impressive or unique about this company?","","Are there any areas for improvement or something Big Leap could have done differently?","","5.0","2-5 Employees","Our primary goal in working with BigLeap is to increase lead flow.","They're well organized and have delivered better results than anticipated.","I  don't think so.","","""I already have!","","","","Thankfully due to BigLeap's efforts we increased leads by 34.3% in FY 2025 YoY accompanied by a record 54.3% increase the Month of Dec 2025 YoY. Special shout out to our Client Success Executive, Adam, for a stellar job organizing our update meetings, reporting results and making effective strategy suggestions.","Virtual Meeting","","Deliverables on time and response to requests were immediate and thorough."
"SEO Services for Printing Company","Search Engine Optimization","","$50,000 to $199,999","Oct. 2023 - Ongoing","5.0","5.0","5.0","5.0","5.0","""We've had multiple program managers. All have been very effective, but there's a change of pace when a team changes.""","Feb 27, 2025","Marketing Consultant, AlphaGraphics Bountiful","Chad Stewart","Verified","Advertising & marketing","84010 Bountiful, UT","11-50 Employees","Online Review","Big Leap provides SEO services for a printing company. The team conducts keyword analysis, content evaluation, and creation and offers on-site SEO, a technical review, and UI/UX and CRO optimization.","Thanks to Big Leap's efforts, the client has seen an increase in local search, phone calls, and form fills. They've also acquired a large customer. The team is responsive and detailed, holding weekly calls. Big Leap has been ethical, communicative, and competent throughout the engagement.","The client submitted this review online.","Please describe your company and position.","I am the Marketing Consultant of AlphaGraphics Bountiful","Describe what your company does in a single sentence.","AlphaGraphics Bountiful is a leading print, large format, direct mail and digital marketing provider along the Wasatch Front.","What specific goals or objectives did you hire Big Leap to accomplish?","Increase print related search phrase and local search rankings for the State of Utah","Broaden search rankings for signs, banners and posters","High ratings","How did you find Big Leap?","Referral","Why did you select Big Leap over others?","Close to my geographic location","How many teammates from Big Leap were assigned to this project?","2-5 Employees","Describe the scope of work in detail. Please include a summary of key deliverables.","Verified","What were the measurable outcomes from the project that demonstrate progress or success?","Phone call increase","Describe their project management. Did they deliver items on time? How did they respond to your needs?","Large client acquisition","What was your primary form of communication with Big Leap?","Very response. Detailed weekly calls","What did you find most impressive or unique about this company?","Big Leap's services have exceeded the client's initial expectations. The team reviews Google Analytics results bimonthly, responds to feedback, and communicates through virtual meetings, emails, and messaging apps. Their expertise and technical knowledge have impressed the client.","Are there any areas for improvement or something Big Leap could have done differently?","Keyword analysis","5.0","Technical review","Content evaluation and creation","BACKGROUND","Ethical, competent, communicative","","""I continue to recommend and use them for years","","","","Local search increase","Please describe your company and position.","Kevin GibsonSales Manager, AlphaGraphics BountifulAdvertising & marketing","Form fill increase"
"SEO & PPC Services for Garbage Removal Services Company","Pay Per Click","Search Engine Optimization","$50,000 to $199,999","Aug. 2024 - Feb. 2025","0.5","0.5","0.5","0.5","0.5","""Not only did they not meet these expectations but drastically underperformed in all areas.""","Feb 4, 2025","President, Lightning Haul","John Crews","","Other industries","Orlando, Florida","1-10 Employees","Online Review","Big Leap was hired by a garbage removal services company to provide SEO and PPC services. The team optimized content for SEO and managed Google Ads with the goal of improving lead generation.","Big Leap's efforts led to a drop in the client's Google Ads conversions and a 10x increase in customer acquisition cost. The team delivered 10 leads through organic traffic and used marketing spend on non-qualified leads. Big Leap delivered work on time but with accidental oversights.","The client submitted this review online.","Please describe your company and position.","I am the President of Lightning Haul","Describe what your company does in a single sentence.","Junk Removal Service","What specific goals or objectives did you hire Big Leap to accomplish?","Google Ads Management","SEO management","","How did you find Big Leap?","Online Search","Why did you select Big Leap over others?","","How many teammates from Big Leap were assigned to this project?","","Describe the scope of work in detail. Please include a summary of key deliverables.","","What were the measurable outcomes from the project that demonstrate progress or success?","","Describe their project management. Did they deliver items on time? How did they respond to your needs?","","What was your primary form of communication with Big Leap?","","What did you find most impressive or unique about this company?","","Are there any areas for improvement or something Big Leap could have done differently?","","1.0","Big Promises and good sales technique","2-5 Employees","Virtual Meeting","I think that it is impressive that they have been able to provide services for such large companies while providing such poor results. It is very possible that they just dedicate resources to the biggest spenders and due to that the companies which have less spend just get pushed to the back of the line resulting in the poor results we received.Our business has seen a drastic decrease in overall leads and sales resulting in a huge decrease of revenue. I would not recommend this agency to anyone looking to market their business.","""My overall take from working with Big Leap for 6 months is that it was definitely not worth the time or money invested.""","""Deliverables were not relevant to our business and caused us to spend large amounts on ads that brought non qualified customers.""","""They were on time with there meetings but what good is a meeting when it does not provide actions that result in improvement.""","","","Originally hired Big Leap to improve our Google Ads lead generation and our SEO rankings. We did a discovery call with Big Leap and they stated that they would be able to improve the number of conversions we were getting as well as drive efficiencies across our ppc campaigns. Additionally, they believed that they could optimize our content and webiste for SEO to help us improve our ranking to the first page on google.","They were ok at getting the deliverables to us on time but what good is getting a deliverable if it provides sub par results. The one instance where they provided us a landing page resulted in them sending us a proof for a industry that we did not provide services for. When asked how this happened they stated it was accidental oversight. I think accidental oversight is how they managed most of our marketing efforts.We had dozens of meetings and each week we saw major short comings in the efforts and results. Our cost per customer acquisition went up by over 10x using their services. This is the opposite direction of what was expected. I would much rather have spent time and efforts with a different agency.","Thank you so much for taking the time to share your detailed feedback. I’m genuinely sorry that we didn’t meet your expectations, and I can understand how frustrating it must have been to not see the results you were hoping for. We always aim to provide our clients with the Big Leap experience, along with a personalized strategy approach, no matter the size of their business. We truly value the trust you placed in us and will take these lessons to heart in our ongoing efforts to improve and better serve existing and future clients.While we may not have met your expectations, we thank you for giving us the opportunity to work with you, and I sincerely wish you the best of luck with your future marketing endeavors.","Big Leap stated that they would be able to help us generate more conversions at a more efficient spend for our google ads and also improve our overall ranking for SEO to the first page. After 6 months of having them work on our campaigns not only did they not meet these expectations but drastically underperformed in all areas. Our google ads conversions saw a huge drop and our cost per customer acquisition drastically increased. When we communicated with Adam our account manager it seemed as though he was out of touch with what our business actually did. At one point they suggested a landing page to help increase conversions. When they delivered the landing page it was for an industry that we did not even provide services for. Adam made promise after promise about the strategies working and that we just needed to stay the course. After 6 months of broken promises we have generated less than 10 leads through our organic traffic from their SEO efforts. Additionally, our cost per customer acquisition went up by 10x with their strategies. After discontinuing services with Big Leap we had another company audit our campaigns and we had dozens of keywords that were not even relevant to our service industry. We had complained about disquailified leads but had not idea that Big Leap was actually putting marketing spend torwards these non qualified calls. Overall, I would not recommend for either google ads management or SEO. Big Leap was supposed to help us improve over the previous agency we used for marketing but had I known what this experience would have been like I would have steered clear! Save your money and time and find a different agency."
"SEO Services & Strategy for Employee Engagement Platform","Search Engine Optimization","","$200,000 to $999,999","Mar. - Dec. 2024","5.0","5.0","4.5","5.0","5.0","""They got down in the trenches and were willing to adjust strategies and objectives on the fly.""","Dec 5, 2024","Director, Web, Awardco","Jake Webster","Verified","Business services","Lindon, Utah","201-500 Employees","Online Review","Big Leap provided SEO services for an employee engagement platform. The team was responsible for keyword gap analysis, content optimization, site organization, link-building efforts, and content creation.","Thanks to Big Leap's efforts, the client increased first-page keywords from 1,018 to 1,800 and saw a 38.7% year-over-year increase in organic impressions and a 27.7% YoY increase in organic clicks. The team adjusted strategies on the fly, was responsive to the client's needs, and met deadlines.","The client submitted this review online.","Please describe your company and position.","I am the Director, Web of Awardco","Describe what your company does in a single sentence.","Awardco is an employee engagement platform that enhances motivation through recognition, incentives, and rewards.","What specific goals or objectives did you hire Big Leap to accomplish?","Increase Organic Traffic","Increase Organic Leads","Pricing fit our budget","How did you find Big Leap?","Personal Relationship with Big Leap team","Why did you select Big Leap over others?","Great culture fit","How many teammates from Big Leap were assigned to this project?","2-5 Employees","Describe the scope of work in detail. Please include a summary of key deliverables.","Keyword Gap Analysis","What were the measurable outcomes from the project that demonstrate progress or success?","They were one-time and responsive to our needs, including any shifts in strategy or new deliverables we requested.","Describe their project management. Did they deliver items on time? How did they respond to your needs?","Virtual Meeting","What was your primary form of communication with Big Leap?","They got down in the trenches and were willing to adjust strategies and objectives on the fly.","What did you find most impressive or unique about this company?","Nothing comes to mind.","Are there any areas for improvement or something Big Leap could have done differently?","Increased first-page keywords from 1,018 to 1,800","5.0","UK Site Optimizations and Improvements","Content Creation","Striking Distance Audit - Discovery & Recommendations","Featured Snippet/Answer Box Audit","","","","","","Page Optimizations","Blog Schema Recommendations","Content Cannibalization","UK Schema Markup"
"SEO & Content Writing for Healthcare Organization","Content Writing Services","Search Engine Optimization","Confidential","Jan. 2022 - May 2024","5.0","5.0","5.0","5.0","5.0","""They have excellent writers and technical SEO knowledge.""","Jun 18, 2024","Head of Digital Marketing, Aviv clinics","Alex Leizerovich","Verified","Other industries","The Villages, Florida","51-200 Employees","Online Review","Big Leap provided SEO and content writing services for a healthcare organization. The team's tasks included technical SEO, link building, and on-page optimization.","Thanks to Big Leap, the client has increased their SEO traffic by 700% within two months. The service provider effectively resolved issues and demonstrated a smooth and seamless workflow. Their account management skills, writing capabilities, and technical SEO knowledge were hallmarks of their work.","The client submitted this review online.","Please describe your company and position.","I am the Head of digital marketing of Aviv clinics","Describe what your company does in a single sentence.","Helping people take control of the way the age and treating brain-related conditions","What specific goals or objectives did you hire Big Leap to accomplish?","SEO growth","High ratings","Good value for cost","How did you find Big Leap?","Online Search","Why did you select Big Leap over others?","","How many teammates from Big Leap were assigned to this project?","2-5 Employees","Describe the scope of work in detail. Please include a summary of key deliverables.","We are doing with Big leap everything that's SEO.","What were the measurable outcomes from the project that demonstrate progress or success?","","Describe their project management. Did they deliver items on time? How did they respond to your needs?","","What was your primary form of communication with Big Leap?","","What did you find most impressive or unique about this company?","","Are there any areas for improvement or something Big Leap could have done differently?","","5.0","","","Virtual Meeting","Big thanks to Anita for her account management skills. They have excellent writers and technical SEO knowledge.","","","","","","Technical, link building, on page and a lot of content writing","Since our service is new and complicated it took us a while to find the rhythem. Once Anita from BL took over the account, everything ran much better and smoothly.","","Our overall SEO traffic has grown 700% within 2 years. That's amazing and the collaboration with Big leap contributed a lot to that."
"SEO Strategy for Swimming School","Content Writing Services","Search Engine Optimization","$10,000 to $49,999","Feb. 2024 - Ongoing","5.0","5.0","5.0","5.0","5.0","""They are always prompt and go above and beyond to answer questions that arise.""","Jun 5, 2024","Senior Manager of Digital Marketing, Big Blue Swim School","Michaela Cooper Bagwell","Verified","Education","Atlanta, Georgia","51-200 Employees","Online Review","Big Leap provides SEO for a multi-location swimming school franchise. Their SEO strategy focuses on link building, content development, and location page and technical audits to increase keyword rankings.","Within a few months, Big Leap has established a baseline keyword ranking for branded and local terms for the client. The team is always prompt and has vast experience working with other franchises and multi-location businesses. Moreover, they go above and beyond to answer the client's questions.","The client submitted this review online.","Please describe your company and position.","I am the Senior Manager, Digital Marketing of Big Blue Swim School","Describe what your company does in a single sentence.","Swim school for children age 6 months to 12 years old.","What specific goals or objectives did you hire Big Leap to accomplish?","leverage their expertise in multi location franchise seo to expand our organic search rankings","High ratings","Company values aligned","How did you find Big Leap?","Online Search","Why did you select Big Leap over others?","","How many teammates from Big Leap were assigned to this project?","2-5 Employees","Describe the scope of work in detail. Please include a summary of key deliverables.","Our six-month road map is focused on high quality link building, content development, and location page and technical audits. The key goal is to increase and maintain top keyword rankings for ""Kids swimming lessons near me"" for all locations​.","What were the measurable outcomes from the project that demonstrate progress or success?","In this first few months, we have established keyword ranking baseline for branded and local terms.","Describe their project management. Did they deliver items on time? How did they respond to your needs?","Yes, they are always prompt and go above and beyond to answer questions that arise.","What was your primary form of communication with Big Leap?","Virtual Meeting","What did you find most impressive or unique about this company?","Their experience with other franchise / multi unit locations was what made them stand out.","Are there any areas for improvement or something Big Leap could have done differently?","Not to date.","5.0","","","","","","","","","","","","",""
"SEO Management for Manufacturing Company","Search Engine Optimization","","$10,000 to $49,999","Mar. 2024 - Ongoing","5.0","5.0","5.0","5.0","5.0","""They're incredibly organized and strategic in their approach.""","Apr 10, 2024","VP of Marketing, Wilding Wallbeds","Caden Wilding","Verified","Manufacturing","Saint George, Utah","51-200 Employees","Online Review","Big Leap provides ongoing SEO services for a manufacturing firm. They manage and implement all of the client's SEO strategies to increase revenue and profit.","Big Leap’s efforts have improved the client's conversion rate, organic SEO rankings, and revenue. The team's organized workflow enables them to keep track of tasks efficiently. Moreover, their strategic and meticulous approach continues to impress the internal team.","The client submitted this review online.","Please describe your company and position.","I am the VP of Marketing of Wilding Wallbeds","Describe what your company does in a single sentence.","Manufacture high-quality Murphy Beds and accessories.","What specific goals or objectives did you hire Big Leap to accomplish?","Increase revenue and profit via SEO","High ratings","Close to my geographic location","How did you find Big Leap?","Online Search","Why did you select Big Leap over others?","Pricing fit our budget","How many teammates from Big Leap were assigned to this project?","2-5 Employees","Describe the scope of work in detail. Please include a summary of key deliverables.","They manage all of our SEO strategies to increase revenue and profit.","What were the measurable outcomes from the project that demonstrate progress or success?","","Describe their project management. Did they deliver items on time? How did they respond to your needs?","","What was your primary form of communication with Big Leap?","They're incredibly organized and strategic in their approach. And VERY thorough.","What did you find most impressive or unique about this company?","Nothing that jumps to mind immediately.","Are there any areas for improvement or something Big Leap could have done differently?","","5.0","Email or Messaging App","","","","","","","","","","","","They are INCREDIBLY organized and so on top of things that I feel that I am usually the one holding them back!"
"SEO, Blog Creation & Web Dev for Standardized Testing Co","Search Engine Optimization","","Confidential","Jan. 2022 - Ongoing","5.0","5.0","5.0","5.0","5.0","""They're very organized and timely with deadlines.""","Mar 22, 2024","Sr Marketing Coordinator, Standardized Testing Company","Zair","","Education","Washington, District of Columbia","51-200 Employees","Online Review","Big Leap provides SEO services to increase a standardized testing company's online presence. The team has created various blogs and web pages, incorporating SEO best practices.","Thanks to Big Leap's efforts, the client has seen a website traffic increase. The team leads organized project management, delivers on time, and communicates through virtual meetings, emails, and messages. The client is also happy with a teammate Big Leap has assigned to their project.","The client submitted this review online.","Please describe your company and position.","I am the Sr. Marketing Coordinator of a standardized testing company","Describe what your company does in a single sentence.","Our company develops, administers, and scores standardized tests, offering individuals who haven't completed high school the chance to earn a credential equivalent to a diploma.","What specific goals or objectives did you hire Big Leap to accomplish?","Increase online presence through SEO","Virtual Meeting","Email or Messaging App","How did you find Big Leap?","Other","Why did you select Big Leap over others?","","How many teammates from Big Leap were assigned to this project?","","Describe the scope of work in detail. Please include a summary of key deliverables.","","What were the measurable outcomes from the project that demonstrate progress or success?","","Describe their project management. Did they deliver items on time? How did they respond to your needs?","","What was your primary form of communication with Big Leap?","","What did you find most impressive or unique about this company?","Will is Awesome.","Are there any areas for improvement or something Big Leap could have done differently?","n/a","5.0","Other","1 Employee","","","","","","","","Various blogs and website pages incorporating best SEO practices.","They're very organized and timely with deadlines.","","Increase in web traffic."
"SEO & Content Mktg for Healthcare Company","Content Marketing","Other Digital Marketing","$50,000 to $199,999","June 2022 - Nov. 2033","5.0","5.0","4.5","5.0","5.0","""They are very much involved in what we do and always listen to our needs.""","Nov 28, 2023","Global VP of Marketing, Aviv Clinics","Noa Sobol","","Other industries","32163 The Villages, FL","51-200 Employees","Online Review","Big Leap provides SEO and content marketing services to a healthcare company. They're responsible for keyword research, blog writing and optimization, link building, website optimization, and brand promotion.","Big Leap has helped the client improve their keyword ranking, drive website traffic through blog articles, and increase non-branded traffic. Their team takes their time to understand the client's business and find solutions to achieve their goals. They're also kind, collaborative, and communicative.","The client submitted this review online.","Please describe your company and position.","I am the Global VP Marketing of Aviv Clinics.","Describe what your company does in a single sentence.","Aviv Clinics delivers a highly effective personalized protocol to enhance performance in the aging brain and body via the Aviv Medical Program.","What specific goals or objectives did you hire Big Leap to accomplish?","Build strong and competitive organic presence with SEO","Build Aviv's reputation and credibility","Generate leads","How did you find Big Leap?","Online Search","Why did you select Big Leap over others?","Content marketing- writing blogs according to keyword research and strategy.","How many teammates from Big Leap were assigned to this project?","2-5 Employees","Describe the scope of work in detail. Please include a summary of key deliverables.","","What were the measurable outcomes from the project that demonstrate progress or success?","","Describe their project management. Did they deliver items on time? How did they respond to your needs?","","What was your primary form of communication with Big Leap?","","What did you find most impressive or unique about this company?","","Are there any areas for improvement or something Big Leap could have done differently?","","5.0","High ratings","","I think they made a big effort to understand what we do (it is not always easy), and they always try to find solutions and push us to the next achievement.","i think we got now to a point where we all know the strategy and what is working for us. It took a while to navigate that and build a process, but maybe there is always a learning curve.","","","","","","We are growing in keyword ranking. We are driving traffic to our website mainly by the blog, which they are writing. We are driving a high percentage of non-branded traffic.","Virtual Meeting","","BL team is very collaborative; we learned to work together and create synergy with our team. They are very much involved in what we do and always listen to our needs. Also, they are very kind, so the conversation is always nice."
"SEO Services for Beauty Products Company","Search Engine Optimization","","Confidential","Sep. 2021 - Ongoing","5.0","5.0","5.0","5.0","5.0","""Their organization and detailed spreadsheets make Big Leap unique!""","Sep 7, 2023","Office Manager, Beauty Products Company","Anonymous","Verified","Other industries","84790 Saint George, UT","1-10 Employees","Online Review","Big Leap provides SEO services for a beauty products company. The team creates SEO-focused content and conducts backlinking efforts, aiming to improve SEO performance and decrease the client's paid ad efforts.","Big Leap's efforts on high-traffic pages and product listings have resulted in significant SEO growth. The team excels at communication through virtual meetings and completes tasks on time. Moreover, they're well-organized and provide detailed spreadsheets to ensure good project management.","The client submitted this review online.","Please describe your company and position.","I am the Office Manager of a beauty & cosmetics company","Describe what your company does in a single sentence.","We are an online website that sells and distributes beauty products to licensed professionals.","What specific goals or objectives did you hire Big Leap to accomplish?","Grow our SEO efforts","High ratings","Close to my geographic location","How did you find Big Leap?","Referral","Why did you select Big Leap over others?","Pricing fit our budget","How many teammates from Big Leap were assigned to this project?","2-5 Employees","Describe the scope of work in detail. Please include a summary of key deliverables.","We work in a very competitive market so Big Leap has assisted us in creating content that will perform well and make us stand out against competitors as well as back linking our website.","What were the measurable outcomes from the project that demonstrate progress or success?","After implementing Big Leaps suggestions on our high traffic pages and product listings we seen major growth in the SEO side of things. The ultimate goal was to improve our SEO efforts to assist and bring down our Paid Ads efforts.","Describe their project management. Did they deliver items on time? How did they respond to your needs?","Big Leap has always been very great at communicating with us as well as having tasks and needs completed in a timely manner.","What was your primary form of communication with Big Leap?","Virtual Meeting","What did you find most impressive or unique about this company?","I think their organization and detailed spreadsheets make Big Leap unique!","Are there any areas for improvement or something Big Leap  could have done differently?","None that I can report at this time.","5.0","","","","","","","","","","","","",""
"SEO & Digital Marketing Campaigns for Auto Insurance Company","Pay Per Click","Search Engine Optimization","Confidential","Apr. 2023 - Ongoing","4.5","4.5","5.0","4.5","4.0","""They are willing to work with us to constantly evolve our processes to meet the needs of the business.""","Jun 21, 2023","Director Marketing Analytics, Auto Insurance Company","Anonymous","Verified","Financial services","Chicago, Illinois","5,001-10,000 Employees","Online Review","Big Leap provides SEO and digital marketing services for an auto insurance company. Big Leap has enhanced the client's digital assets and content strategy. The team also manages the client's PPC campaigns.","Big Leap’s efforts have increased the client's site visits, keyword ranking, quotes, and sales. Big Leap has a flexible and collaborative team. The team is organized and provides progress updates to the client on their weekly calls.","The client submitted this review online.","Please describe your company and position.","I am the Director Marketing Analytics of a financial services company","Describe what your company does in a single sentence.","Auto Insurance","What specific goals or objectives did you hire Big Leap to accomplish?","Improve SEO","Enhance Paid Marketing","Overall Marketing Direction","How did you find Big Leap?","Online Search","Why did you select Big Leap over others?","Pricing fit our budget","How many teammates from Big Leap were assigned to this project?","6-10 Employees","Describe the scope of work in detail. Please include a summary of key deliverables.","Big Leap has helped enhance our digital assets and content strategy across a variety of brands. In additon, we have worked to improve our PPC efforts and create a process for better sales attribution.","What were the measurable outcomes from the project that demonstrate progress or success?","Site visits, keyword ranking, quotes, sales","Describe their project management. Did they deliver items on time? How did they respond to your needs?","Great organization with weekly recaps/updates/agendas as well as weekly calls to discuss progress& ongoing strategy","What was your primary form of communication with Big Leap?","","What did you find most impressive or unique about this company?","","Are there any areas for improvement or something Big Leap could have done differently?","","4.5","","","They are willing to work with us to constantly evolve our processes to meet the needs of the business. Very flexible and collaborative team!","They have been great so far!","","","","","","","","",""
"Rebranding & SEO Services for Child Protection Nonprofit","Search Engine Optimization","","$50,000 to $199,999","Jan. 2021 - Ongoing","5.0","5.0","5.0","4.0","5.0","""They are always willing to go above and beyond for our needs.""","Nov 17, 2022","SEO & Web Analyst, Child Protection Nonprofit","Anonymous","Verified","Other industries","Lehi, Utah","51-200 Employees","Online Review","Big Leap provides branding and SEO services for a child protection nonprofit. This involves leading outreach campaigns, creating biweekly reports, targeting keywords, and tracking results via Google Analytics.","The company is happy with the project's results. Their rebranding efforts have resulted in better keyword rankings. Big Leap's workflow has been highly effective. They coordinate closely with the team and keep everything organized. Their resources meet and exceed expectations, leading to success.","The client submitted this review online.","Please describe your company and your position there.","I am the SEO & Web Analyst at a child protection nonprofit.","For what projects/services did your company hire Big Leap, and what were your goals?","Ongoing SEO and rebranding.","How did you select this vendor and what were the deciding factors?","BigLeap does outreach for us, provides us with bi-monthly reports, creates tracking events for us through Google Analytics, track keywords, audits, citations, and consult with us about best practices.","","","Describe the scope of work in detail, including the project steps, key deliverables, and campaigns.","","How many people from the vendor's team worked with you, and what were their positions?","The organization was working with BigLeap when I started this position.","Can you share any measurable outcomes of the project or general feedback about the deliverables?","1 Outreach Specialist, 1 Client Success Executive, and 1 Digital Marketing Manager.","Describe their project management style, including communication tools and timeliness.","Successful ongoing rebrand through redirecting webpages and and increase in keyword rankings.","What did you find most impressive or unique about this company?","Micheal is the Client Success Executive and he coordinates between us and his team and keeps us all organized.","Are there any areas for improvement or something they could have done differently?","They are always willing to go above and beyond for our needs.","","I'd like more content feedback + more backlinks.","","","","","5.0","","","","","","","","","","","","",""
"SEO Optimization for Online Digital Courses Company","Search Engine Optimization","","$10,000 to $49,999","Jan. 2018 - May 2019","5.0","5.0","5.0","5.0","5.0","""They take a modern-day approach to SEO and think outside the box.""","Feb 22, 2021","CMO, T. Harv Eker International","Troy Allen","Verified","Advertising & marketing","Salt Lake City, Utah","1-10 Employees","Online Review","Big Leap was hired by an online digital courses company to help with their SEO optimization. The goal is to expand the organic reach of the client's site and blog.","Thanks to Big Leap, the client was able to experience an increase in rankings on most of the keywords that they targetted. The team was easy to work with, friendly, and caring. They were responsive and available when needed.","The client submitted this review online.","Please describe your company and your position there.","I'm the CMO for an Author that sells digital courses online.","For what projects/services did your company hire Big Leap, and what were your goals?","Big Leap was hired to improve our organic reach to our website and blog.","How did you select Big Leap and what were the deciding factors?","They had full control of SEO including creating and distributing content.","","","Describe the scope of work in detail, including the project steps, key deliverables, and campaigns.","","How many people from the vendor's team worked with you, and what were their positions?","Big Leap looks at SEO in a more creative way than most. It's not just about back-links to them. They set up strategic partnerships, preemptively planned for algorithm updates etc etc.","Can you share any measurable outcomes of the project or general feedback about the deliverables?","3 People- Strategist Account Manager Project Manager","Describe their project management style, including communication tools and timelines.","We increased our ranking in nearly every keyword we targeted","What did you find most impressive or unique about this company?","Big Leap is awesome to work with. Super friendly and care about each client. I felt like I was the only account the team was dealing with. Always responsive and there when needed.","Are there any areas for improvement or something they could have done differently?","They take a modern-day approach to SEO and think outside the box.","","No. They were awesome.","","","","","5.0","","","","","","","","","","","","",""
"SEO Services for Telecommunications Provider","Pay Per Click","Search Engine Optimization","Less than $10,000","Mar. 2020 - Jan. 2021","4.5","4.5","5.0","4.0","5.0","""They are great. They come with new ideas and are very organized.""","Feb 3, 2021","Director of Marketing, Veracity Networks","Kira Hawk","Verified","Telecommunications","Salt Lake City, Utah","201-500 Employees","Online Review","A telecommunications provider partnered with Big Leap in order to improve their keyword rankings and increase organic web traffic to their website.","The Big Leap team helped the company achieve the goals they set at the start of the partnership. The company was most impressed with the team's communication and idea creation throughout the duration of the project.","The client submitted this review online.","Please describe your company and your position there.","We are a telecommunication provider. Director of Marketing.","For what projects/services did your company hire Big Leap, and what were your goals?","SEO increases form fills/calls from organic traffic to our site. Increase keyword rankings.","How did you select Big Leap and what were the deciding factors?","Optimizing key words, blog building, creating new content.","","","Describe the scope of work in detail, including the project steps, key deliverables, and campaigns.","","How many people from the vendor's team worked with you, and what were their positions?","Reviews and word of mouth. Level of detail they provide.","Can you share any measurable outcomes of the project or general feedback about the deliverables?","3 - Account managers and content creators.","Describe their project management style, including communication tools and timelines.","Increased keyword ranking and form fills.","What did you find most impressive or unique about this company?","They are great. They come with new ideas and are very organized.","Are there any areas for improvement or something they could have done differently?","Communication and idea creation","","NA","","","","","4.5","","","","","","","","","","","","",""
"E-Commerce Development for Fireplace & Hot Tub Retailer","E-Commerce Development","","Less than $10,000","Oct. 2020 - Ongoing","4.5","4.0","4.5","4.5","5.0","""They are great to communicate with.""","Dec 17, 2020","Controller, Aqua Rec's Inc","Jamie Rasmussen","Verified","Retail","Tacoma, Washington","11-50 Employees","Online Review","A hot tub and fireplace retailer hired Big Leap to add an e-commerce store to their website.","The company is happy with the job that the Big Leap team did for their website as they were able to compensate for their State's complex tax slate. The team's communication is their greatest asset as it makes them easy to work with and make great suggestions to further improve the platform.","The client submitted this review online.","Please describe your company and your position there.","Retail Hot Tub and Fireplace, I am the Financial Controller","For what projects/services did your company hire Big Leap, and what were your goals?","To add an ecommerce store to our website","How did you select Big Leap and what were the deciding factors?","They did all the work","","","Describe the scope of work in detail, including the project steps, key deliverables, and technologies used.","","How many people from the vendor's team worked with you, and what were their positions?","They are our current website designers","Can you share any measurable outcomes of the project or general feedback about the deliverables?","2","Describe their project management style, including communication tools and timelines.","They did a great job, we have a very complex sales tax state","What did you find most impressive or unique about this company?","They are great to communicate with.","Are there any areas for improvement?","They are very easy to work with and do what you ask them to do, they make great suggestions and are easy to communicate with.","","I wish we had sales on the store but none yet","","","","","4.5","","","","","""Nobody's perfect""","""Very easy going bunch of guys""","""Quick""","""No additional charges""","""Always do","","","",""
"SEO for Technology Company","Search Engine Optimization","","$10,000 to $49,999","June - Sep. 2020","5.0","5.0","5.0","4.0","4.0","""They are highly recommended for small to medium-sized businesses who need to find success in the digital world.""","Sep 16, 2020","Director of Marketing, Technology Company","Anonymous","Verified","Other industries","Chandler, Arizona","11-50 Employees","Online Review","Big Leap performed SEO tactics and techniques for a computer software company. The team conducted a 30-day discovery phase to strategize properly on the project's milestones.","As a result of the project, the company's three primary keywords ranked high in the field of RAD technology. The client was extremely satisfied with the vendor's exceptional service. Customers can expect effective project management and consistent communication from them.","The client submitted this review online.","Please describe your company and your position there.","Our company is a global rapid application development platform solution provider.","For what projects/services did your company hire Big Leap, and what were your goals?","We worked with BigLeap to get our new website content SEO'd and to begin to rank for relevant keywords.","How did you select Big Leap and what were the deciding factors?","We began with a 30-day discovery phase and met weekly to discuss progress for each milestone that needed to be met weekly, fulfilling our monthly contract.","","","Describe the scope of work in detail, including the project steps, key deliverables, and campaigns.","","How many people from the vendor's team worked with you, and what were their positions?","We selected BigLeap based on their services offering and professional quote.","Can you share any measurable outcomes of the project or general feedback about the deliverables?","I was the primary point of contact for this project.","Describe their project management style, including communication tools and timelines.","We ended up ranking for three primary keywords that have successfully put us on the map for RAD technology.","What did you find most impressive or unique about this company?","Project management is very stringent and effective, they utilize Excel and weekly phone meetings","Are there any areas for improvement or something they could have done differently?","Maja and the team were extremely professional and very knowledgable about SEO. They are highly recommended for small to medium-sized businesses who need to find success in the digital world.","","Keep working with companies and hone in on your specialty. It can be challenging to be a ""one-size-fits-all"" SEO company. Continue to do a great job and find your niche.","","","","","5.0","","","","","","","","","","","","",""
"SEO for Health Supplements Company","Search Engine Optimization","","$10,000 to $49,999","Nov. - Apr. 2020","0.5","1.5","3.5","0.5","0.5","""They could improve their communication, hire experienced individuals, and speed up their process.""","Apr 27, 2020","CEO, Health Supplements Company","Elias A","Verified","Other industries","Las Vegas, Nevada","11-50 Employees","Online Review","Big Leap was hired to provide SEO services and technical assistance for a website.","Website performance dropped after hiring Big Leap, and it required a significant investment to recover. The client was disappointed by their slow turnaround time and lack of expertise.","The client submitted this review online.","Please describe your company and your position there.","Health Supplements. CEO","For what projects/services did your company hire Big Leap?","SEO Optimization and technical assistance with our website.","What were your goals for this project?","Through clutch.co","","","How did you select this vendor?","","Describe the project in detail.","Clean up and improve site speed as well as SEO optimization.","What was the team composition?","Clean up our content, rewrite blogs, optimize site speed as well as implement white hat SEO.","Can you share any outcomes from the project that demonstrate progress or success?","We go through a project manager and go over the monthly goals.","How effective was the workflow between your team and theirs?","Our website took a dive after hiring Leap SEO and slightly recover overtime. It took a lot of investment and exposure from our behalf to get our numbers somewhat back","What did you find most impressive about this company?","Not very effective, Very slow in implementing steps needed to improve our SEO and skipping through processes or completing the job after a month and a half. They seem to be outsourcing or hiring inexperienced individuals.","Are there any areas for improvement?","How they are still in business with their poor service and outrageous prices.","The vendor responded on May 5, 2020.","They could improve their communication, hire experienced individuals, and speed up their process. They could also hire professional writers and developers. Do not leave your customers in the dark and clueless about what is going on in a weekly basis.","","Thank you for taking the time to leave a review. You mentioned that your website took a dive after hiring us, however, any negative trends occurred before we started work on the website. We worked to help you recover this lost traffic. Big Leap hires and employs experienced account managers, developers, and content writers. The content we provided was approved when we sent it over. When dissatisfaction was expressed we worked closely with your team to try and remedy, and as a show of good faith waived the remaining two months of the contract.","1.0","","","","","""Was one of the worst investments we have made. We took a loss.""","""Overpriced for their poor quality of work.""","""Overpriced for their lack of experience and work ethics.""","""Staying away from this company.","","","","",""
"SEO for Green-Tech Roofing Company","Other Digital Marketing","","$50,000 to $199,999","July 2019 - Ongoing","5.0","5.0","5.0","5.0","5.0","""They are easy to work with and communicate with.""","Dec 2, 2019","CMO, Roof Maxx","David Fox","Verified","Energy & natural resources","Salt Lake City, Utah","11-50 Employees","Online Review","Big Leap performed SEO services to increase the search ranking and clientele for a roofing business.","Search volume, ranking, and leads have increased due to Big Leap's expertise. Their communicative approach complemented their efficient workflow. They're proactive and responsive.","The client submitted this review online.","Please describe your company and your position there.","RoofMaxx is a fast growing, disruptive, national green-tech company extends the life of asphalt shingles and saves old roofs with a quick, cost effective and eco-friendly alternative to replacing your roof. Our service is offered through a network of hundreds of dealers, across the country. I'm the Chief Marketing Officer (CMO).","For what projects/services did your company hire Big Leap?","Even though we have hundreds of dealers nationwide, our service is new to the market, so people who need what we do, weren't able to find us online (certainly not on the first page of Google, where we need to be!)","What were your goals for this project?","Through a lot of research, digging, and vetting. We looked at about 10 companies across the country before hiring Big Leap.","","","How did you select this vendor?","","Describe the scope of their work in detail.","Basically, to rank on the first page of Google for a bunch of important keywords, make our dealers easy to find locally, and boost search volume.","What was the team composition?","I'll avoid writing a novel but will say the scope of work is extensive. We told Big Leap exactly what we needed to achieve and they created a detailed scope of work and a timeline around what it would take to make it happen.","Can you share any outcomes from the project that demonstrate progress or success?","There were a couple of people involved in the sales process, and 3-4 on the strategy side. Our account is primarily handled by two account managers who are very knowledge, responsive and helpful.","How effective was the workflow between your team and theirs?","Total search volume is up 30% which we feel is excellent in a short period of time. We've also moved onto page 1 for a number of important search terms, and are steadily climbing in the rankings for over 100 more terms. Overall, our leads are up and the quality is leads is better all the time.","What did you find most impressive about this company?","Very good. They are easy to work with and communicate with. No problems with workflows.","Are there any areas for improvement?","They do what they say they will do and they can keep up with our fast growth. The team is super knowledgable and easy to work with, and they are constantly suggesting ideas for improving our results. Big Leap is a refreshingly proactive approach to digital marketing.","","In the early days there were a few miscommunications but nothing out of the ordinary. Overall, it's been a very good experience.","","","5.0","","","","","""The Big Leap team are rockstars!  We would't be one of the fastest growing companies in the country without them!""","""Our expectations have been exceeded on nearly every front.  I can't imaging how the quality could be better.""","""Scheduling is typically pretty easy""","""I care a lot more about results and ROI than base cost.  These guys are not the cheapest, but we were looking for the best, not the cheapest.""","""I have already referred Big Leap to a friend who hired them (and is also thrilled with the results!)","","","",""
"SEO for Female Health & Wellness Product","Search Engine Optimization","","Less than $10,000","June 2019 - Ongoing","5.0","5.0","5.0","4.0","5.0","""They're responsive and have a respect for customer service.""","Nov 10, 2019","Founder, Allevita LLC","Sarah Wander","Verified","Other industries","Santa Monica, California","1-10 Employees","Online Review","Big Leap was hired to develop a website and perform SEO services for a female health & wellness company in an attempt to drive traffic and sales.","Results look promising due to Big Leap's expertise. Their responsiveness is top-notch. Their efficient workflow complemented their customer service approach.","The client submitted this review online.","Please describe your company and your position there.","Founder of female health and wellness company.","For what projects/services did your company hire Big Leap?","SEO and web development","What were your goals for this project?","Referral from friend and coworker","","","How did you select this vendor?","","Describe the project in detail.","Drive organic sales","What was the team composition?","Make our site more SEO friendly","Can you share any outcomes from the project that demonstrate progress or success?","Cassara was an amazing team member - very responsive and helpful","How effective was the workflow between your team and theirs?","TBD - still in the process","What did you find most impressive about this company?","Very good so far","Are there any areas for improvement?","They're responsive and have a respect for customer service","This review was updated on November 11th, 2019, by the client. The original star ratings were: Overall - 4.5, Quality - 4.5, Schedule - 5, Cost - 4, NPS - 5. New content is below:","Not at this point","RESULTS & FEEDBACK","","5.0","","","Are there any areas for improvement?","","","","","","","","","We are getting more traffic to our site but are still only a couple months in so hope to see more tangibles soon.",""
"SEO Content and Strategy for Dental Tech Firm","Search Engine Optimization","","$10,000 to $49,999","Dec. 2017 - Ongoing","5.0","5.0","4.0","3.5","5.0","""Their team has a lot of great members.""","Sep 17, 2018","Founder, Smilelove LLC","David Frazier","Verified","Other industries","1-10 Employees","Online Review","","Big Leap provides ongoing SEO strategy and content.","Big Leap’s outstanding team has delivered the top ranking for multiple search terms. They participate in frequent, regular calls, and offer weekly status reports.","The client submitted this review online.","Please describe your company and your position there.","I'm the founder of Smilelove LLC, a dental tech business that sells clear aligners.","For what projects/services did your company hire Big Leap?","We needed someone to handle our SEO.","What were your goals for this project?","They were recommended by another vendor","","","How did you select this vendor?","","Describe the project in detail.","We wanted someone to deliver on time and to our requirements.","What was the team composition?","They provide ongoing SEO content and strategy.","Can you share any statistics or metrics that speak to the quality of their work and impact of the engagement?","They assigned us three team members.","How did the Big Leap perform from a project management standpoint?","We’ve reached the number one spot on many key terms.","What impresses you about the Big Leap?","They keep us posted with biweekly calls","Are there any areas for improvement?","Their team has a lot of great members.","","They provided incorrect report data one week but they fixed it.","","","5.0","","","","","","","","","","","","",""